time,folder,P_from,P_to,amp,dur_hr,rate,n_samples
2025-08-04 15:01,old data/2025,0.000,5.910,5.910,0.019,303.943,10
2025-08-04 15:02,old data/2025,3.000,3.430,0.430,0.000,1548.000,2
2025-08-04 15:04,old data/2025,3.030,3.130,0.100,0.000,360.000,2
2025-08-04 15:04,old data/2025,1.990,3.000,1.010,0.004,227.250,17
2025-08-04 15:06,old data/2025,2.120,2.450,0.330,0.003,108.000,10
2025-08-04 15:06,old data/2025,2.440,2.480,0.040,0.028,1.426,97
2025-08-04 15:09,old data/2025,2.020,3.010,0.990,0.005,187.579,20
2025-08-04 15:15,old data/2025,0.000,3.010,3.010,0.000,10836.000,2
2025-08-04 15:16,old data/2025,0.000,3.000,3.000,0.001,3600.000,4
2025-08-04 15:16,old data/2025,0.000,3.010,3.010,0.001,2167.200,6
2025-08-04 15:26,old data/2025,0.000,3.010,3.010,0.001,5418.000,3
2025-08-04 15:27,old data/2025,0.000,3.000,3.000,0.001,5400.000,3
2025-08-04 15:29,old data/2025,2.270,3.050,0.780,0.003,312.000,10
2025-08-04 15:30,old data/2025,0.000,3.040,3.040,0.001,5472.000,3
2025-08-04 15:30,old data/2025,0.000,3.050,3.050,0.005,645.882,18
2025-08-04 15:37,old data/2025,3.030,3.070,0.040,0.001,48.000,4
2025-08-04 15:42,old data/2025,1.990,3.030,1.040,0.042,24.471,147
2025-08-04 15:45,old data/2025,3.020,3.060,0.040,0.004,11.077,14
2025-08-04 15:54,old data/2025,3.010,3.040,0.030,0.014,2.118,52
2025-08-04 15:58,old data/2025,3.000,3.060,0.060,0.014,4.235,52
2025-08-04 16:00,old data/2025,3.020,3.060,0.040,0.044,0.906,155
2025-08-04 16:04,old data/2025,3.020,3.060,0.040,0.077,0.518,218
2025-08-07 11:25,old data/2025,1.200,1.550,0.350,0.050,6.961,4
2025-08-07 11:30,old data/2025,1.150,1.460,0.310,0.033,9.300,3
2025-08-07 11:33,old data/2025,1.140,1.550,0.410,0.016,25.448,2
2025-08-07 11:36,old data/2025,0.830,3.020,2.190,0.017,131.400,2
2025-08-07 11:39,old data/2025,1.390,3.030,1.640,0.417,3.933,26
2025-08-14 09:59,old data/2025,1.000,1.030,0.030,0.034,0.885,3
2025-08-14 10:06,old data/2025,0.000,0.990,0.990,0.050,19.800,3
2025-08-14 10:10,old data/2025,0.980,1.010,0.030,0.033,0.908,3
2025-08-14 11:10,old data/2025,0.010,0.750,0.740,0.033,22.387,3
2025-08-14 11:14,old data/2025,0.010,0.280,0.270,0.017,16.200,2
2025-08-14 11:29,old data/2025,0.010,0.630,0.620,0.018,35.429,2
2025-08-14 11:31,old data/2025,0.230,0.670,0.440,0.016,27.310,2
2025-08-14 11:38,old data/2025,0.000,0.630,0.630,0.051,12.462,4
2025-08-14 13:11,old data/2025,0.000,0.830,0.830,0.033,24.900,3
2025-08-14 13:34,old data/2025,0.010,1.530,1.520,0.117,12.998,8
2025-08-14 14:00,old data/2025,1.320,1.450,0.130,0.050,2.586,4
2025-08-14 14:04,old data/2025,1.300,1.440,0.140,0.016,8.542,2
2025-08-14 14:08,old data/2025,1.130,1.480,0.350,0.034,10.413,3
2025-08-14 14:11,old data/2025,1.450,1.560,0.110,0.016,6.828,2
2025-08-14 14:13,old data/2025,1.510,1.590,0.080,0.016,4.881,2
2025-08-14 14:30,old data/2025,1.170,1.540,0.370,0.151,2.458,10
2025-08-14 14:43,old data/2025,0.010,1.330,1.320,0.033,39.600,3
2025-08-14 14:46,old data/2025,1.300,1.580,0.280,0.033,8.400,3
2025-08-14 14:49,old data/2025,1.280,1.560,0.280,0.117,2.394,8
2025-08-15 15:23,old data/2025,0.000,1.490,1.490,0.034,44.331,3
2025-08-15 15:26,old data/2025,1.480,1.510,0.030,0.033,0.900,3
2025-08-15 15:30,old data/2025,0.010,0.060,0.050,0.016,3.051,2
2025-08-15 15:33,old data/2025,0.010,1.000,0.990,0.018,55.687,2
2025-08-15 15:34,old data/2025,0.030,1.580,1.550,0.050,31.000,4
2025-08-15 15:39,old data/2025,1.550,1.580,0.030,0.016,1.831,2
2025-08-15 15:43,old data/2025,1.500,1.580,0.080,0.034,2.361,3
2025-08-15 15:52,old data/2025,0.010,1.560,1.550,0.133,11.625,4
2025-08-15 16:01,old data/2025,1.420,1.520,0.100,0.066,1.506,5
2025-08-15 16:11,old data/2025,1.260,1.570,0.310,0.033,9.300,3
2025-08-15 17:00,old data/2025,1.490,1.540,0.050,0.134,0.373,9
2025-08-15 18:00,old data/2025,1.290,1.510,0.220,0.150,1.464,10
2025-08-15 19:00,old data/2025,1.480,1.540,0.060,0.200,0.300,13
2025-08-15 20:00,old data/2025,1.510,1.550,0.040,0.033,1.210,3
2025-08-15 21:00,old data/2025,1.520,1.550,0.030,0.033,0.900,3
2025-08-18 10:29,old data/2025,1.230,1.600,0.370,0.050,7.359,4
2025-08-18 10:35,old data/2025,0.020,0.910,0.890,0.133,6.675,3
2025-08-18 10:46,old data/2025,0.020,1.160,1.140,0.067,17.100,2
2025-08-18 10:53,old data/2025,0.720,1.140,0.420,0.100,4.200,7
2025-08-18 11:07,old data/2025,0.020,0.620,0.600,0.083,7.200,6
2025-08-18 11:13,old data/2025,0.410,1.360,0.950,0.016,57.966,2
2025-08-18 11:15,old data/2025,0.540,0.630,0.090,0.017,5.400,2
2025-08-18 11:18,old data/2025,0.400,0.860,0.460,0.034,13.686,3
2025-08-18 11:23,old data/2025,0.510,1.180,0.670,0.033,20.100,3
2025-08-18 11:34,old data/2025,0.590,0.720,0.130,0.033,3.900,3
2025-08-18 11:39,old data/2025,0.480,0.820,0.340,0.050,6.800,4
2025-08-18 11:44,old data/2025,0.630,0.940,0.310,0.017,18.600,2
2025-08-18 11:52,old data/2025,0.010,1.450,1.440,0.050,28.800,4
2025-08-18 11:57,old data/2025,1.120,1.550,0.430,0.017,25.800,2
2025-08-18 11:59,old data/2025,1.470,1.500,0.030,0.016,1.831,2
2025-08-18 15:22,old data/2025,1.270,1.550,0.280,0.016,17.379,2
2025-08-18 15:46,old data/2025,1.320,1.390,0.070,0.034,2.066,3
2025-08-18 15:50,old data/2025,1.310,1.390,0.080,0.034,2.380,3
2025-08-18 16:08,old data/2025,1.240,1.500,0.260,0.017,15.600,2
2025-08-18 16:10,old data/2025,1.260,1.580,0.320,0.017,19.200,2
2025-08-18 16:16,old data/2025,0.030,1.120,1.090,0.034,32.430,3
2025-08-18 16:24,old data/2025,0.710,1.140,0.430,0.133,3.225,9
2025-08-18 16:34,old data/2025,0.480,1.590,1.110,0.067,16.581,5
2025-08-18 16:39,old data/2025,0.920,1.290,0.370,0.034,11.008,3
2025-08-18 16:44,old data/2025,1.080,1.570,0.490,0.050,9.746,4
2025-08-18 16:55,old data/2025,1.070,1.110,0.040,0.033,1.200,3
2025-08-21 11:13,old data/2025,0.570,0.600,0.030,0.383,0.078,24
2025-08-21 14:03,old data/2025,0.040,0.860,0.820,0.083,9.840,6
2025-08-21 14:14,old data/2025,0.580,0.620,0.040,0.033,1.200,3
2025-08-21 14:22,old data/2025,0.610,1.290,0.680,0.300,2.265,14
2025-08-21 14:42,old data/2025,1.280,1.590,0.310,0.083,3.720,6
2025-08-21 14:51,old data/2025,1.400,1.580,0.180,0.117,1.543,8
2025-08-21 15:04,old data/2025,1.310,1.590,0.280,0.017,16.525,2
2025-08-21 15:07,old data/2025,1.490,1.580,0.090,0.017,5.400,2
2025-08-21 15:09,old data/2025,1.220,1.320,0.100,0.017,6.000,2
2025-08-21 20:15,old data/2025,0.970,1.000,0.030,0.701,0.043,36
2025-08-21 21:15,old data/2025,0.970,1.000,0.030,0.017,1.800,2
2025-08-22 03:15,old data/2025,0.960,0.990,0.030,0.033,0.900,3
2025-08-22 07:10,old data/2025,0.950,0.980,0.030,0.183,0.164,12
2025-08-22 09:35,old data/2025,0.010,0.100,0.090,1.268,0.071,69
2025-08-22 18:13,old data/2025,1.540,1.570,0.030,0.467,0.064,29
2025-08-22 20:12,old data/2025,1.560,1.590,0.030,0.183,0.164,12
2025-08-22 22:09,old data/2025,1.570,1.600,0.030,0.951,0.032,58
2025-08-22 23:08,old data/2025,1.570,1.600,0.030,0.134,0.225,9
2025-08-23 10:11,old data/2025,1.580,1.610,0.030,0.768,0.039,38
2025-08-23 11:08,old data/2025,1.580,1.610,0.030,0.100,0.299,7
2025-08-23 14:11,old data/2025,1.580,1.610,0.030,0.083,0.360,6
2025-08-23 20:13,old data/2025,1.570,1.600,0.030,0.017,1.800,2
2025-08-23 21:08,old data/2025,1.550,1.590,0.040,0.684,0.058,42
2025-08-24 07:08,old data/2025,1.530,1.560,0.030,0.167,0.180,11
2025-08-24 08:08,old data/2025,1.530,1.560,0.030,0.116,0.258,4
2025-08-24 09:07,old data/2025,1.530,1.560,0.030,0.083,0.360,6
2025-08-24 10:15,old data/2025,1.540,1.570,0.030,0.768,0.039,47
2025-08-24 11:15,old data/2025,1.540,1.570,0.030,0.684,0.044,42
2025-08-24 12:15,old data/2025,1.540,1.570,0.030,0.017,1.800,2
2025-08-24 18:16,old data/2025,1.530,1.560,0.030,0.084,0.359,6
2025-08-24 23:15,old data/2025,1.510,1.540,0.030,0.017,1.770,2
2025-08-25 09:02,old data/2025,0.000,1.500,1.500,0.066,22.594,5
2025-08-25 16:04,old data/2025,1.150,1.200,0.050,0.033,1.500,3
2025-08-25 16:10,old data/2025,1.150,1.180,0.030,0.050,0.600,4
2025-08-25 16:28,old data/2025,1.140,1.180,0.040,0.016,2.483,2
2025-08-25 16:30,old data/2025,1.150,1.180,0.030,0.016,1.831,2
2025-08-25 16:41,old data/2025,1.150,1.190,0.040,0.017,2.361,2
2025-08-25 16:44,old data/2025,1.140,1.180,0.040,0.017,2.323,2
2025-08-25 16:47,old data/2025,1.130,1.170,0.040,0.034,1.180,3
2025-08-25 16:57,old data/2025,1.120,1.180,0.060,0.017,3.600,2
2025-08-25 17:00,old data/2025,1.120,1.170,0.050,0.017,3.000,2
2025-08-25 17:02,old data/2025,1.130,1.170,0.040,0.034,1.190,3
2025-08-25 17:11,old data/2025,1.110,1.170,0.060,0.134,0.449,9
2025-08-25 17:20,old data/2025,1.120,1.170,0.050,0.016,3.051,2
2025-08-25 17:25,old data/2025,1.110,1.150,0.040,0.017,2.361,2
2025-08-25 17:28,old data/2025,1.110,1.160,0.050,0.016,3.051,2
2025-08-25 17:32,old data/2025,1.110,1.160,0.050,0.016,3.051,2
2025-08-25 17:35,old data/2025,1.110,1.160,0.050,0.017,3.000,2
2025-08-25 17:51,old data/2025,1.100,1.150,0.050,0.016,3.051,2
2025-08-25 17:53,old data/2025,1.110,1.150,0.040,0.017,2.361,2
2025-08-25 17:56,old data/2025,1.100,1.150,0.050,0.017,2.951,2
2025-08-25 17:59,old data/2025,1.090,1.140,0.050,0.017,2.951,2
2025-08-25 18:01,old data/2025,1.100,1.140,0.040,0.050,0.796,4
2025-08-25 18:06,old data/2025,1.090,1.140,0.050,0.017,3.000,2
2025-08-25 18:16,old data/2025,1.080,1.110,0.030,0.017,1.800,2
2025-08-25 18:19,old data/2025,1.080,1.130,0.050,0.033,1.500,3
2025-08-25 18:23,old data/2025,1.090,1.120,0.030,0.017,1.770,2
2025-08-25 18:25,old data/2025,1.080,1.130,0.050,0.033,1.500,3
2025-08-25 18:29,old data/2025,1.080,1.130,0.050,0.016,3.051,2
2025-08-25 18:33,old data/2025,1.070,1.100,0.030,0.034,0.885,3
2025-08-25 18:36,old data/2025,1.080,1.120,0.040,0.050,0.800,4
2025-08-25 18:41,old data/2025,1.090,1.120,0.030,0.016,1.831,2
2025-08-25 18:45,old data/2025,1.070,1.100,0.030,0.034,0.885,3
2025-08-25 18:52,old data/2025,1.060,1.110,0.050,0.017,2.903,2
2025-08-25 18:59,old data/2025,1.060,1.100,0.040,0.034,1.190,3
2025-08-25 19:02,old data/2025,1.060,1.100,0.040,0.084,0.475,6
2025-08-25 19:08,old data/2025,1.050,1.100,0.050,0.017,3.000,2
2025-08-25 19:10,old data/2025,1.050,1.080,0.030,0.034,0.893,3
2025-08-25 19:13,old data/2025,1.070,1.100,0.030,0.033,0.900,3
2025-08-25 19:20,old data/2025,1.060,1.090,0.030,0.066,0.452,5
2025-08-25 19:25,old data/2025,1.060,1.090,0.030,0.017,1.800,2
2025-08-25 19:27,old data/2025,1.050,1.100,0.050,0.017,3.000,2
2025-08-25 19:34,old data/2025,1.050,1.090,0.040,0.017,2.400,2
2025-08-25 19:36,old data/2025,1.050,1.080,0.030,0.017,1.800,2
2025-08-25 19:38,old data/2025,1.050,1.090,0.040,0.017,2.361,2
2025-08-25 19:40,old data/2025,1.060,1.090,0.030,0.017,1.800,2
2025-08-25 19:42,old data/2025,1.040,1.070,0.030,0.017,1.770,2
2025-08-25 19:45,old data/2025,1.040,1.090,0.050,0.017,2.951,2
2025-08-25 19:55,old data/2025,1.030,1.080,0.050,0.033,1.500,3
2025-08-25 20:06,old data/2025,1.050,1.080,0.030,0.017,1.770,2
2025-08-25 20:09,old data/2025,1.030,1.080,0.050,0.017,2.903,2
2025-08-25 20:11,old data/2025,1.050,1.080,0.030,0.016,1.831,2
2025-08-25 20:15,old data/2025,1.050,1.080,0.030,0.033,0.900,3
2025-08-25 20:21,old data/2025,1.020,1.070,0.050,0.067,0.750,5
2025-08-25 20:26,old data/2025,1.030,1.070,0.040,0.033,1.200,3
2025-08-25 20:29,old data/2025,1.020,1.070,0.050,0.016,3.051,2
2025-08-25 20:34,old data/2025,1.030,1.070,0.040,0.017,2.400,2
2025-08-25 20:36,old data/2025,1.010,1.060,0.050,0.017,3.000,2
2025-08-25 20:38,old data/2025,1.020,1.060,0.040,0.033,1.200,3
2025-08-25 20:41,old data/2025,1.020,1.060,0.040,0.033,1.200,3
2025-08-25 20:46,old data/2025,1.010,1.060,0.050,0.033,1.513,3
2025-08-25 20:49,old data/2025,1.010,1.050,0.040,0.017,2.361,2
2025-08-25 20:52,old data/2025,1.010,1.050,0.040,0.067,0.598,5
2025-08-25 20:59,old data/2025,1.020,1.050,0.030,0.050,0.600,4
2025-08-25 21:05,old data/2025,1.020,1.050,0.030,0.050,0.600,4
2025-08-25 21:10,old data/2025,1.010,1.050,0.040,0.050,0.796,4
2025-08-25 21:14,old data/2025,1.000,1.050,0.050,0.050,1.000,4
2025-08-25 21:24,old data/2025,0.990,1.020,0.030,0.017,1.800,2
2025-08-25 21:27,old data/2025,1.000,1.040,0.040,0.067,0.600,5
2025-08-25 21:32,old data/2025,0.990,1.040,0.050,0.050,1.000,4
2025-08-25 21:39,old data/2025,0.990,1.030,0.040,0.017,2.400,2
2025-08-25 21:47,old data/2025,0.980,1.030,0.050,0.033,1.513,3
2025-08-25 21:50,old data/2025,0.990,1.020,0.030,0.017,1.770,2
2025-08-25 21:53,old data/2025,0.980,1.030,0.050,0.017,2.951,2
2025-08-25 21:57,old data/2025,0.980,1.020,0.040,0.017,2.400,2
2025-08-25 22:11,old data/2025,0.980,1.020,0.040,0.017,2.400,2
2025-08-25 22:16,old data/2025,0.980,1.010,0.030,0.016,1.831,2
2025-08-25 22:19,old data/2025,0.970,1.020,0.050,0.034,1.488,3
2025-08-25 22:24,old data/2025,0.970,1.020,0.050,0.017,3.000,2
2025-08-25 22:30,old data/2025,0.970,1.000,0.030,0.016,1.831,2
2025-08-25 22:35,old data/2025,0.960,1.010,0.050,0.033,1.500,3
2025-08-25 22:38,old data/2025,0.970,1.010,0.040,0.034,1.190,3
2025-08-25 22:43,old data/2025,0.960,1.010,0.050,0.017,3.000,2
2025-08-25 22:47,old data/2025,0.960,1.010,0.050,0.017,2.951,2
2025-08-25 22:58,old data/2025,0.950,1.000,0.050,0.050,1.006,4
2025-08-25 23:12,old data/2025,0.970,1.000,0.030,0.083,0.360,6
2025-08-25 23:19,old data/2025,0.950,1.000,0.050,0.017,2.951,2
2025-08-25 23:21,old data/2025,0.950,1.000,0.050,0.017,2.951,2
2025-08-25 23:23,old data/2025,0.950,0.990,0.040,0.067,0.600,5
2025-08-25 23:29,old data/2025,0.950,0.990,0.040,0.017,2.400,2
2025-08-25 23:32,old data/2025,0.940,0.970,0.030,0.017,1.800,2
2025-08-25 23:34,old data/2025,0.960,0.990,0.030,0.017,1.800,2
2025-08-25 23:39,old data/2025,0.940,0.980,0.040,0.017,2.400,2
2025-08-25 23:42,old data/2025,0.940,0.980,0.040,0.017,2.361,2
2025-08-25 23:46,old data/2025,0.940,0.980,0.040,0.034,1.190,3
2025-08-25 23:49,old data/2025,0.930,0.970,0.040,0.033,1.200,3
2025-08-25 23:53,old data/2025,0.930,0.970,0.040,0.017,2.361,2
2025-08-25 23:56,old data/2025,0.930,0.970,0.040,0.034,1.190,3
2025-08-26 00:09,old data/2025,0.930,0.970,0.040,0.017,2.361,2
2025-08-26 00:13,old data/2025,0.920,0.970,0.050,0.016,3.051,2
2025-08-26 00:19,old data/2025,0.920,0.960,0.040,0.017,2.361,2
2025-08-26 00:26,old data/2025,0.920,0.960,0.040,0.017,2.400,2
2025-08-26 00:29,old data/2025,0.920,0.960,0.040,0.034,1.190,3
2025-08-26 00:35,old data/2025,0.920,0.960,0.040,0.033,1.200,3
2025-08-26 00:44,old data/2025,0.910,0.950,0.040,0.017,2.361,2
2025-08-26 00:53,old data/2025,0.900,0.950,0.050,0.050,1.000,4
2025-08-26 00:57,old data/2025,0.910,0.950,0.040,0.017,2.400,2
2025-08-26 01:05,old data/2025,0.900,0.950,0.050,0.017,2.951,2
2025-08-26 01:10,old data/2025,0.900,0.950,0.050,0.017,2.903,2
2025-08-26 01:18,old data/2025,0.900,0.930,0.030,0.050,0.600,4
2025-08-26 01:22,old data/2025,0.890,0.940,0.050,0.016,3.051,2
2025-08-26 01:30,old data/2025,0.900,0.930,0.030,0.034,0.893,3
2025-08-26 01:33,old data/2025,0.900,0.930,0.030,0.016,1.862,2
2025-08-26 01:38,old data/2025,0.900,0.940,0.040,0.050,0.800,4
2025-08-26 01:42,old data/2025,0.890,0.930,0.040,0.050,0.796,4
2025-08-26 01:48,old data/2025,0.880,0.930,0.050,0.050,0.994,4
2025-08-26 01:56,old data/2025,0.880,0.930,0.050,0.034,1.475,3
2025-08-26 01:59,old data/2025,0.880,0.930,0.050,0.017,2.951,2
2025-08-26 02:04,old data/2025,0.870,0.920,0.050,0.050,1.000,4
2025-08-26 02:08,old data/2025,0.870,0.910,0.040,0.017,2.400,2
2025-08-26 02:12,old data/2025,0.870,0.900,0.030,0.017,1.800,2
2025-08-26 02:14,old data/2025,0.870,0.920,0.050,0.033,1.500,3
2025-08-26 02:18,old data/2025,0.870,0.920,0.050,0.033,1.513,3
2025-08-26 02:21,old data/2025,0.870,0.920,0.050,0.017,3.000,2
2025-08-26 02:25,old data/2025,0.870,0.900,0.030,0.017,1.800,2
2025-08-26 02:27,old data/2025,0.880,0.920,0.040,0.117,0.343,8
2025-08-26 02:39,old data/2025,0.870,0.920,0.050,0.017,3.000,2
2025-08-26 02:44,old data/2025,0.860,0.910,0.050,0.033,1.500,3
2025-08-26 02:50,old data/2025,0.860,0.900,0.040,0.017,2.400,2
2025-08-26 02:52,old data/2025,0.880,0.910,0.030,0.017,1.742,2
2025-08-26 02:54,old data/2025,0.880,0.910,0.030,0.016,1.831,2
2025-08-26 02:56,old data/2025,0.860,0.890,0.030,0.050,0.597,4
2025-08-26 03:02,old data/2025,0.850,0.890,0.040,0.033,1.200,3
2025-08-26 03:10,old data/2025,0.850,0.900,0.050,0.033,1.500,3
2025-08-26 03:16,old data/2025,0.850,0.880,0.030,0.017,1.800,2
2025-08-26 03:20,old data/2025,0.860,0.890,0.030,0.033,0.900,3
2025-08-26 03:26,old data/2025,0.850,0.890,0.040,0.017,2.400,2
2025-08-26 03:28,old data/2025,0.840,0.890,0.050,0.033,1.500,3
2025-08-26 03:35,old data/2025,0.840,0.880,0.040,0.017,2.400,2
2025-08-26 03:37,old data/2025,0.840,0.880,0.040,0.016,2.441,2
2025-08-26 03:39,old data/2025,0.840,0.880,0.040,0.017,2.400,2
2025-08-26 03:44,old data/2025,0.830,0.880,0.050,0.033,1.500,3
2025-08-26 03:53,old data/2025,0.850,0.880,0.030,0.067,0.450,5
2025-08-26 03:58,old data/2025,0.850,0.880,0.030,0.017,1.800,2
2025-08-26 04:01,old data/2025,0.830,0.880,0.050,0.034,1.488,3
2025-08-26 04:05,old data/2025,0.840,0.880,0.040,0.034,1.190,3
2025-08-26 04:11,old data/2025,0.830,0.870,0.040,0.017,2.400,2
2025-08-26 04:16,old data/2025,0.820,0.870,0.050,0.017,3.000,2
2025-08-26 04:19,old data/2025,0.820,0.860,0.040,0.033,1.200,3
2025-08-26 04:24,old data/2025,0.820,0.860,0.040,0.067,0.600,5
2025-08-26 04:29,old data/2025,0.820,0.870,0.050,0.033,1.500,3
2025-08-26 04:34,old data/2025,0.820,0.860,0.040,0.017,2.400,2
2025-08-26 04:38,old data/2025,0.820,0.860,0.040,0.067,0.598,5
2025-08-26 04:43,old data/2025,0.810,0.860,0.050,0.017,3.000,2
2025-08-26 04:45,old data/2025,0.820,0.860,0.040,0.017,2.361,2
2025-08-26 04:47,old data/2025,0.810,0.850,0.040,0.017,2.400,2
2025-08-26 04:49,old data/2025,0.830,0.860,0.030,0.017,1.770,2
2025-08-26 05:05,old data/2025,0.810,0.850,0.040,0.050,0.800,4
2025-08-26 05:09,old data/2025,0.820,0.850,0.030,0.017,1.770,2
2025-08-26 05:19,old data/2025,0.800,0.840,0.040,0.017,2.361,2
2025-08-26 05:26,old data/2025,0.800,0.840,0.040,0.017,2.361,2
2025-08-26 05:41,old data/2025,0.790,0.840,0.050,0.034,1.475,3
2025-08-26 05:57,old data/2025,0.790,0.840,0.050,0.033,1.500,3
2025-08-26 06:02,old data/2025,0.790,0.830,0.040,0.033,1.200,3
2025-08-26 06:05,old data/2025,0.780,0.810,0.030,0.017,1.800,2
2025-08-26 06:07,old data/2025,0.780,0.830,0.050,0.033,1.500,3
2025-08-26 06:11,old data/2025,0.790,0.830,0.040,0.017,2.400,2
2025-08-26 06:16,old data/2025,0.780,0.820,0.040,0.016,2.441,2
2025-08-26 06:20,old data/2025,0.780,0.820,0.040,0.050,0.800,4
2025-08-26 06:28,old data/2025,0.770,0.820,0.050,0.050,1.000,4
2025-08-26 06:41,old data/2025,0.770,0.800,0.030,0.050,0.603,4
2025-08-26 06:46,old data/2025,0.770,0.810,0.040,0.033,1.200,3
2025-08-26 06:49,old data/2025,0.770,0.810,0.040,0.033,1.210,3
2025-08-26 06:56,old data/2025,0.770,0.800,0.030,0.017,1.800,2
2025-08-26 06:59,old data/2025,0.780,0.810,0.030,0.016,1.862,2
2025-08-26 07:02,old data/2025,0.770,0.810,0.040,0.017,2.400,2
2025-08-26 07:06,old data/2025,0.760,0.810,0.050,0.017,2.951,2
2025-08-26 07:10,old data/2025,0.760,0.810,0.050,0.050,1.006,4
2025-08-26 07:14,old data/2025,0.760,0.800,0.040,0.016,2.483,2
2025-08-26 07:20,old data/2025,0.760,0.800,0.040,0.016,2.441,2
2025-08-26 07:24,old data/2025,0.760,0.800,0.040,0.033,1.210,3
2025-08-26 07:27,old data/2025,0.750,0.790,0.040,0.034,1.190,3
2025-08-26 07:31,old data/2025,0.750,0.800,0.050,0.050,1.006,4
2025-08-26 07:36,old data/2025,0.770,0.800,0.030,0.017,1.800,2
2025-08-26 07:38,old data/2025,0.750,0.790,0.040,0.016,2.441,2
2025-08-26 07:40,old data/2025,0.750,0.800,0.050,0.017,3.000,2
2025-08-26 07:42,old data/2025,0.750,0.780,0.030,0.017,1.800,2
2025-08-26 07:49,old data/2025,0.750,0.790,0.040,0.050,0.804,4
2025-08-26 07:54,old data/2025,0.740,0.770,0.030,0.084,0.359,6
2025-08-26 08:01,old data/2025,0.750,0.790,0.040,0.016,2.441,2
2025-08-26 08:04,old data/2025,0.750,0.790,0.040,0.033,1.210,3
2025-08-26 08:11,old data/2025,0.750,0.790,0.040,0.033,1.200,3
2025-08-26 08:15,old data/2025,0.740,0.780,0.040,0.033,1.200,3
2025-08-26 08:20,old data/2025,0.740,0.780,0.040,0.116,0.344,3
2025-08-26 08:28,old data/2025,0.740,0.770,0.030,0.133,0.225,3
2025-08-26 08:38,old data/2025,0.730,0.780,0.050,0.017,3.000,2
2025-08-26 08:42,old data/2025,0.730,0.780,0.050,0.033,1.513,3
2025-08-26 08:52,old data/2025,0.720,0.750,0.030,0.066,0.454,5
2025-08-26 14:05,old data/2025,0.760,0.790,0.030,0.017,1.742,2
2025-08-26 14:35,old data/2025,0.240,0.270,0.030,0.017,1.800,2
2025-08-26 14:50,old data/2025,0.240,0.270,0.030,0.067,0.446,5
2025-08-26 14:58,old data/2025,0.260,1.400,1.140,0.034,33.917,3
2025-08-26 15:19,old data/2025,0.100,1.490,1.390,0.117,11.886,8
2025-08-26 15:31,old data/2025,1.410,1.590,0.180,0.049,3.640,4
2025-08-26 15:35,old data/2025,1.390,1.580,0.190,0.017,11.400,2
2025-08-26 15:54,old data/2025,1.460,1.490,0.030,0.017,1.770,2
2025-08-26 16:40,old data/2025,1.320,1.350,0.030,0.033,0.900,3
2025-08-26 17:35,old data/2025,1.230,1.570,0.340,0.067,5.079,5
2025-08-26 20:15,old data/2025,1.210,1.580,0.370,0.050,7.400,4
2025-08-26 20:35,old data/2025,1.530,1.560,0.030,0.017,1.800,2
2025-08-26 22:13,old data/2025,1.310,1.340,0.030,0.017,1.800,2
2025-08-26 22:17,old data/2025,1.300,1.330,0.030,0.017,1.800,2
2025-08-26 22:33,old data/2025,1.280,1.310,0.030,0.050,0.600,4
2025-08-26 23:18,old data/2025,1.220,1.560,0.340,0.017,20.400,2
2025-08-26 23:34,old data/2025,1.520,1.560,0.040,0.034,1.190,3
2025-08-27 02:18,old data/2025,1.230,1.260,0.030,0.033,0.900,3
2025-08-27 02:34,old data/2025,1.210,1.580,0.370,0.084,4.411,6
2025-08-27 04:40,old data/2025,1.330,1.360,0.030,0.017,1.770,2
2025-08-27 05:36,old data/2025,1.280,1.310,0.030,0.017,1.770,2
2025-08-27 06:04,old data/2025,1.220,1.250,0.030,0.016,1.831,2
2025-08-27 06:12,old data/2025,1.210,1.570,0.360,0.067,5.400,5
2025-08-27 07:36,old data/2025,1.410,1.460,0.050,0.017,2.903,2
2025-08-27 08:41,old data/2025,1.300,1.330,0.030,0.017,1.800,2
2025-08-27 09:35,old data/2025,1.230,1.270,0.040,0.033,1.210,3
2025-08-27 09:51,old data/2025,1.230,1.570,0.340,0.017,20.400,2
2025-08-27 10:49,old data/2025,1.440,1.470,0.030,0.017,1.800,2
2025-08-27 12:11,old data/2025,1.310,1.340,0.030,0.017,1.770,2
2025-08-27 13:26,old data/2025,1.220,1.560,0.340,0.117,2.907,2
2025-08-27 13:35,old data/2025,1.550,1.590,0.040,0.033,1.200,3
2025-08-27 16:36,old data/2025,1.260,1.300,0.040,0.017,2.323,2
2025-08-27 16:51,old data/2025,1.240,1.270,0.030,0.017,1.800,2
2025-08-27 17:18,old data/2025,1.210,1.570,0.360,0.067,5.400,5
2025-08-27 17:38,old data/2025,1.510,1.540,0.030,0.067,0.450,5
2025-08-27 18:33,old data/2025,1.430,1.460,0.030,0.017,1.800,2
2025-08-27 18:36,old data/2025,1.440,1.480,0.040,0.017,2.400,2
2025-08-27 19:35,old data/2025,1.340,1.390,0.050,0.033,1.513,3
2025-08-27 20:31,old data/2025,1.260,1.290,0.030,0.017,1.770,2
2025-08-27 21:03,old data/2025,1.220,1.250,0.030,0.017,1.800,2
2025-08-27 21:14,old data/2025,1.210,1.580,0.370,0.016,22.576,2
2025-08-27 21:36,old data/2025,1.510,1.550,0.040,0.017,2.400,2
2025-08-27 22:36,old data/2025,1.420,1.460,0.040,0.017,2.400,2
2025-08-27 22:51,old data/2025,1.390,1.420,0.030,0.017,1.800,2
2025-08-28 00:11,old data/2025,1.280,1.310,0.030,0.033,0.900,3
2025-08-28 00:19,old data/2025,1.270,1.300,0.030,0.017,1.800,2
2025-08-28 00:35,old data/2025,1.250,1.280,0.030,0.034,0.893,3
2025-08-28 01:12,old data/2025,1.210,1.560,0.350,0.050,7.000,4
2025-08-28 01:36,old data/2025,1.520,1.550,0.030,0.017,1.800,2
2025-08-28 03:35,old data/2025,1.330,1.360,0.030,0.017,1.742,2
2025-08-28 04:37,old data/2025,1.250,1.290,0.040,0.017,2.323,2
2025-08-28 05:17,old data/2025,1.210,1.580,0.370,0.017,22.200,2
2025-08-28 05:36,old data/2025,1.520,1.570,0.050,0.033,1.513,3
2025-08-28 06:36,old data/2025,1.440,1.470,0.030,0.034,0.893,3
2025-08-28 07:32,old data/2025,1.340,1.380,0.040,0.100,0.400,7
2025-08-28 08:36,old data/2025,1.260,1.290,0.030,0.033,0.900,3
2025-08-28 09:20,old data/2025,1.210,1.570,0.360,0.050,7.200,4
2025-08-28 10:36,old data/2025,1.430,1.480,0.050,0.034,1.488,3
2025-08-28 13:29,old data/2025,1.220,1.560,0.340,0.017,20.400,2
2025-08-28 13:52,old data/2025,0.190,1.520,1.330,0.083,15.960,6
2025-08-28 14:12,old data/2025,1.410,1.440,0.030,0.017,1.770,2
2025-08-28 15:55,old data/2025,1.280,1.330,0.050,0.033,1.500,3
2025-08-28 16:54,old data/2025,1.220,1.260,0.040,0.066,0.603,5
2025-08-28 18:58,old data/2025,1.130,1.160,0.030,0.017,1.800,2
2025-08-28 19:16,old data/2025,1.080,1.110,0.030,0.167,0.180,11
2025-08-28 19:54,old data/2025,1.070,1.120,0.050,0.033,1.500,3
2025-08-28 20:55,old data/2025,1.030,1.060,0.030,0.017,1.770,2
2025-08-28 21:21,old data/2025,1.000,1.030,0.030,0.016,1.831,2
2025-08-28 21:54,old data/2025,0.990,1.020,0.030,0.050,0.600,4
2025-08-28 22:46,old data/2025,0.950,0.980,0.030,0.050,0.603,4
2025-08-28 22:54,old data/2025,0.950,0.990,0.040,0.066,0.603,5
2025-08-28 23:51,old data/2025,0.910,0.960,0.050,0.117,0.429,8
2025-08-29 00:13,old data/2025,0.890,0.920,0.030,0.034,0.885,3
2025-08-29 00:16,old data/2025,0.890,0.920,0.030,0.050,0.600,4
2025-08-29 00:20,old data/2025,0.890,0.920,0.030,0.017,1.800,2
2025-08-29 00:24,old data/2025,0.890,0.920,0.030,0.067,0.448,5
2025-08-29 00:56,old data/2025,0.890,0.920,0.030,0.100,0.300,7
2025-08-29 01:55,old data/2025,0.850,0.890,0.040,0.033,1.200,3
2025-08-29 02:20,old data/2025,0.830,0.860,0.030,0.033,0.900,3
2025-08-29 02:54,old data/2025,0.820,0.850,0.030,0.100,0.300,7
2025-08-29 04:09,old data/2025,0.770,0.800,0.030,0.016,1.831,2
2025-08-29 04:25,old data/2025,0.770,0.800,0.030,0.033,0.908,3
2025-08-29 04:49,old data/2025,0.760,0.800,0.040,0.133,0.300,5
2025-08-29 05:55,old data/2025,0.740,0.780,0.040,0.083,0.482,3
2025-08-29 06:53,old data/2025,0.710,0.740,0.030,0.017,1.800,2
2025-08-29 07:18,old data/2025,0.700,0.730,0.030,0.033,0.900,3
2025-08-29 07:53,old data/2025,0.690,0.730,0.040,0.050,0.800,4
2025-08-29 08:55,old data/2025,0.660,0.710,0.050,0.033,1.500,3
2025-08-29 09:55,old data/2025,0.640,0.680,0.040,0.016,2.441,2
2025-08-29 10:07,old data/2025,0.630,0.660,0.030,0.050,0.600,4
2025-08-29 10:47,old data/2025,0.140,1.490,1.350,0.117,11.571,8
2025-08-29 10:59,old data/2025,0.590,0.620,0.030,0.033,0.900,3
2025-08-29 11:02,old data/2025,0.440,0.670,0.230,0.017,13.800,2
2025-08-29 11:04,old data/2025,0.640,1.500,0.860,0.050,17.200,4
2025-08-29 11:18,old data/2025,1.470,1.500,0.030,0.017,1.742,2
2025-08-29 11:25,old data/2025,1.460,1.500,0.040,0.133,0.301,9
2025-08-29 11:59,old data/2025,1.450,1.480,0.030,0.033,0.908,3
2025-08-29 13:03,old data/2025,1.410,1.440,0.030,0.017,1.800,2
2025-08-29 13:05,old data/2025,1.410,1.440,0.030,0.017,1.770,2
2025-08-29 13:28,old data/2025,1.400,1.430,0.030,0.033,0.900,3
2025-08-29 15:41,old data/2025,1.340,1.370,0.030,0.149,0.201,10
2025-08-29 17:42,old data/2025,1.300,1.330,0.030,0.100,0.300,7
2025-08-29 18:19,old data/2025,1.290,1.320,0.030,0.067,0.450,5
2025-08-29 19:23,old data/2025,1.270,1.300,0.030,0.034,0.893,3
2025-08-29 19:55,old data/2025,1.260,1.290,0.030,0.017,1.800,2
2025-08-29 20:08,old data/2025,1.250,1.280,0.030,0.017,1.770,2
2025-08-29 21:10,old data/2025,1.220,1.250,0.030,0.017,1.770,2
2025-08-29 22:08,old data/2025,1.190,1.220,0.030,0.017,1.800,2
2025-08-29 22:46,old data/2025,1.170,1.200,0.030,0.133,0.225,9
2025-08-30 01:20,old data/2025,1.090,1.120,0.030,0.017,1.770,2
2025-08-30 03:14,old data/2025,1.030,1.060,0.030,0.017,1.800,2
2025-08-30 03:36,old data/2025,1.020,1.050,0.030,0.017,1.800,2
2025-08-30 03:54,old data/2025,1.010,1.040,0.030,0.033,0.900,3
2025-08-30 04:50,old data/2025,0.980,1.010,0.030,0.117,0.257,8
2025-08-30 05:02,old data/2025,0.980,1.010,0.030,0.033,0.908,3
2025-08-30 05:35,old data/2025,0.960,0.990,0.030,0.017,1.800,2
2025-08-30 07:58,old data/2025,0.900,0.930,0.030,0.017,1.770,2
2025-08-30 08:11,old data/2025,0.890,0.920,0.030,0.034,0.893,3
2025-08-30 08:18,old data/2025,0.890,0.920,0.030,0.084,0.359,6
2025-08-30 08:32,old data/2025,0.890,0.920,0.030,0.050,0.603,4
2025-08-30 09:32,old data/2025,0.860,0.890,0.030,0.033,0.900,3
2025-08-30 10:00,old data/2025,0.850,0.880,0.030,0.034,0.885,3
2025-08-30 10:49,old data/2025,0.830,0.860,0.030,0.083,0.361,6
2025-08-30 12:59,old data/2025,0.780,0.810,0.030,0.033,0.900,3
2025-08-30 14:30,old data/2025,0.750,0.780,0.030,0.066,0.452,5
2025-08-30 14:39,old data/2025,0.750,0.780,0.030,0.033,0.900,3
2025-08-30 21:01,old data/2025,0.620,0.650,0.030,0.017,1.800,2
2025-08-30 21:28,old data/2025,0.610,0.640,0.030,0.033,0.900,3
2025-08-30 21:40,old data/2025,0.610,0.640,0.030,0.017,1.770,2
2025-08-30 22:31,old data/2025,0.590,0.620,0.030,0.050,0.597,4
2025-08-31 01:32,old data/2025,0.530,0.560,0.030,0.050,0.603,4
2025-08-31 01:41,old data/2025,0.530,0.560,0.030,0.034,0.893,3
2025-08-31 02:48,old data/2025,0.510,0.540,0.030,0.016,1.831,2
2025-08-31 07:06,old data/2025,0.430,0.460,0.030,0.033,0.900,3
2025-08-31 07:45,old data/2025,0.420,0.450,0.030,0.017,1.800,2
2025-08-31 10:46,old data/2025,0.370,0.400,0.030,0.034,0.893,3
2025-08-31 11:04,old data/2025,0.370,0.400,0.030,0.017,1.800,2
2025-08-31 11:14,old data/2025,0.370,0.400,0.030,0.034,0.885,3
2025-08-31 11:19,old data/2025,0.370,0.400,0.030,0.017,1.800,2
2025-09-01 09:15,old data/2025,0.050,0.280,0.230,0.050,4.600,4
2025-09-01 09:19,old data/2025,0.060,1.500,1.440,0.067,21.600,5
2025-09-01 09:30,old data/2025,1.010,1.470,0.460,0.050,9.200,4
2025-09-01 09:34,old data/2025,0.110,0.140,0.030,0.050,0.597,4
2025-09-02 10:20,old data/2025,0.080,0.300,0.220,0.017,12.984,2
2025-09-02 10:22,old data/2025,0.080,0.220,0.140,0.066,2.118,5
2025-09-02 10:30,old data/2025,0.050,0.160,0.110,0.016,6.712,2
2025-09-02 10:33,old data/2025,0.020,0.150,0.130,0.016,7.932,2
2025-09-02 10:37,old data/2025,0.140,0.190,0.050,0.017,3.000,2
2025-09-02 10:39,old data/2025,0.050,1.010,0.960,0.200,4.793,13
2025-09-02 11:23,old data/2025,0.960,0.990,0.030,0.017,1.770,2
2025-09-02 12:45,old data/2025,0.900,0.930,0.030,0.050,0.597,4
2025-09-02 12:59,old data/2025,0.900,0.930,0.030,0.033,0.908,3
2025-09-02 13:08,old data/2025,0.890,0.920,0.030,0.033,0.900,3
2025-09-02 19:50,old data/2025,0.720,0.750,0.030,0.033,0.908,3
2025-09-02 20:14,old data/2025,0.710,0.740,0.030,0.050,0.600,4
2025-09-03 00:49,old data/2025,0.630,0.660,0.030,0.083,0.361,6
2025-09-03 04:20,old data/2025,0.580,0.610,0.030,0.017,1.800,2
2025-09-03 05:00,old data/2025,0.570,0.600,0.030,0.067,0.450,5
2025-09-03 08:26,old data/2025,0.520,0.550,0.030,0.083,0.360,6
2025-09-03 11:29,old data/2025,0.480,0.510,0.030,0.083,0.360,6
2025-09-03 12:01,old data/2025,0.470,0.500,0.030,0.016,1.831,2
2025-09-03 14:53,old data/2025,0.430,0.460,0.030,0.017,1.800,2
2025-09-03 14:56,old data/2025,0.430,0.460,0.030,0.016,1.831,2
2025-09-03 14:59,old data/2025,0.430,0.460,0.030,0.017,1.800,2
2025-09-03 16:17,old data/2025,0.410,0.440,0.030,0.017,1.742,2
2025-09-03 23:53,old data/2025,0.310,0.340,0.030,0.050,0.600,4
2025-09-04 05:17,old data/2025,0.250,0.280,0.030,0.016,1.862,2
2025-09-04 07:44,old data/2025,0.220,0.250,0.030,0.067,0.450,5
2025-09-04 09:05,old data/2025,0.080,0.110,0.030,0.067,0.450,5
2025-09-04 09:12,old data/2025,0.080,0.110,0.030,0.017,1.770,2
2025-09-04 09:27,old data/2025,0.090,0.530,0.440,0.017,26.400,2
2025-09-04 09:34,old data/2025,0.100,0.130,0.030,0.017,1.800,2
2025-09-04 09:36,old data/2025,0.100,0.790,0.690,0.017,40.721,2
2025-09-04 10:15,old data/2025,0.200,0.230,0.030,0.067,0.450,5
2025-09-04 10:28,old data/2025,0.200,0.230,0.030,0.033,0.900,3
2025-09-04 10:50,old data/2025,0.210,0.240,0.030,0.017,1.800,2
2025-09-04 11:25,old data/2025,0.020,0.050,0.030,0.050,0.597,4
2025-09-04 11:45,old data/2025,0.030,0.060,0.030,0.050,0.597,4
2025-09-04 11:53,old data/2025,0.030,0.060,0.030,0.083,0.360,6
2025-09-04 12:36,old data/2025,0.050,0.080,0.030,0.016,1.862,2
2025-09-04 12:38,old data/2025,0.050,0.080,0.030,0.033,0.908,3
2025-09-04 12:43,old data/2025,0.050,0.080,0.030,0.033,0.900,3
2025-09-04 13:28,old data/2025,0.060,0.090,0.030,0.033,0.900,3
2025-09-04 14:09,old data/2025,0.070,0.100,0.030,0.016,1.831,2
2025-09-04 15:29,old data/2025,0.080,0.110,0.030,0.100,0.299,7
2025-09-04 16:06,old data/2025,0.080,0.110,0.030,0.034,0.893,3
2025-09-04 16:33,old data/2025,0.090,1.000,0.910,0.067,13.537,5
2025-09-04 16:42,old data/2025,0.000,0.220,0.220,0.050,4.376,4
2025-09-04 16:46,old data/2025,0.200,0.470,0.270,0.017,15.934,2
2025-09-04 16:48,old data/2025,0.260,0.390,0.130,0.017,7.800,2
2025-09-04 16:52,old data/2025,0.000,0.430,0.430,0.033,12.900,3
2025-09-04 17:00,old data/2025,0.430,0.460,0.030,0.033,0.900,3
2025-09-04 17:07,old data/2025,0.430,0.460,0.030,0.017,1.800,2
2025-09-04 17:09,old data/2025,0.430,0.460,0.030,0.050,0.600,4
2025-09-04 17:30,old data/2025,0.430,0.460,0.030,0.017,1.742,2
2025-09-04 17:33,old data/2025,0.430,0.460,0.030,0.134,0.225,9
2025-09-04 18:50,old data/2025,0.440,0.480,0.040,0.117,0.343,8
2025-09-05 02:38,old data/2025,0.430,0.460,0.030,0.033,0.900,3
2025-09-05 02:43,old data/2025,0.430,0.460,0.030,0.017,1.770,2
2025-09-05 03:05,old data/2025,0.430,0.460,0.030,0.017,1.800,2
2025-09-05 03:35,old data/2025,0.420,0.450,0.030,0.066,0.452,5
2025-09-05 03:44,old data/2025,0.420,0.450,0.030,0.083,0.360,6
2025-09-05 08:33,old data/2025,0.370,0.400,0.030,0.067,0.450,5
2025-09-05 08:43,old data/2025,0.370,0.400,0.030,0.033,0.915,3
2025-09-05 10:22,old data/2025,0.350,0.380,0.030,0.017,1.800,2
2025-09-05 10:52,old data/2025,0.010,1.010,1.000,0.083,12.040,6
2025-09-05 11:39,old data/2025,0.580,0.610,0.030,0.050,0.600,4
2025-09-05 11:58,old data/2025,0.580,0.610,0.030,0.016,1.831,2
2025-09-05 12:17,old data/2025,0.570,0.600,0.030,0.050,0.600,4
2025-09-05 12:21,old data/2025,0.580,0.610,0.030,0.100,0.299,7
2025-09-05 12:37,old data/2025,0.570,0.600,0.030,0.016,1.831,2
2025-09-05 12:55,old data/2025,0.570,0.600,0.030,0.033,0.900,3
2025-09-05 13:02,old data/2025,0.570,0.600,0.030,0.017,1.770,2
2025-09-05 13:25,old data/2025,0.000,0.030,0.030,0.017,1.800,2
2025-09-05 13:35,old data/2025,0.010,0.040,0.030,0.033,0.908,3
2025-09-05 13:39,old data/2025,0.010,0.040,0.030,0.016,1.831,2
2025-09-05 13:58,old data/2025,0.020,0.050,0.030,0.017,1.800,2
2025-09-05 14:43,old data/2025,0.030,0.060,0.030,0.050,0.597,4
2025-09-05 14:47,old data/2025,0.030,0.060,0.030,0.017,1.800,2
2025-09-05 14:53,old data/2025,0.030,0.060,0.030,0.017,1.800,2
2025-09-05 15:18,old data/2025,0.040,0.070,0.030,0.100,0.301,7
2025-09-05 15:33,old data/2025,0.050,0.990,0.940,0.050,18.800,4
2025-09-05 15:38,old data/2025,0.120,0.440,0.320,0.017,19.200,2
2025-09-05 15:41,old data/2025,0.040,1.010,0.970,0.034,28.623,3
2025-09-05 15:57,old data/2025,0.970,1.000,0.030,0.034,0.893,3
2025-09-05 16:00,old data/2025,0.970,1.000,0.030,0.017,1.800,2
2025-09-05 16:15,old data/2025,0.960,0.990,0.030,0.050,0.600,4
2025-09-05 16:20,old data/2025,0.960,0.990,0.030,0.017,1.800,2
2025-09-05 16:53,old data/2025,0.500,0.530,0.030,0.017,1.800,2
2025-09-05 17:06,old data/2025,0.500,0.530,0.030,0.017,1.800,2
2025-09-05 17:16,old data/2025,0.500,0.530,0.030,0.050,0.600,4
2025-09-05 18:22,old data/2025,0.490,0.520,0.030,0.050,0.597,4
2025-09-05 18:28,old data/2025,0.490,0.520,0.030,0.017,1.742,2
2025-09-05 18:32,old data/2025,0.490,0.520,0.030,0.016,1.831,2
2025-09-05 18:41,old data/2025,0.490,0.520,0.030,0.050,0.597,4
2025-09-05 18:45,old data/2025,0.490,0.520,0.030,0.017,1.800,2
2025-09-05 18:59,old data/2025,0.490,0.520,0.030,0.050,0.600,4
2025-09-05 20:18,old data/2025,0.480,0.510,0.030,0.017,1.770,2
2025-09-05 20:20,old data/2025,0.480,0.510,0.030,0.050,0.600,4
2025-09-05 20:24,old data/2025,0.480,0.510,0.030,0.033,0.908,3
2025-09-05 20:28,old data/2025,0.480,0.510,0.030,0.017,1.770,2
2025-09-05 20:51,old data/2025,0.480,0.510,0.030,0.050,0.600,4
2025-09-05 21:02,old data/2025,0.480,0.510,0.030,0.050,0.600,4
2025-09-05 21:34,old data/2025,0.470,0.500,0.030,0.033,0.900,3
2025-09-05 21:41,old data/2025,0.470,0.500,0.030,0.017,1.800,2
2025-09-05 22:10,old data/2025,0.470,0.500,0.030,0.033,0.915,3
2025-09-06 01:07,old data/2025,0.430,0.460,0.030,0.067,0.450,5
2025-09-06 01:13,old data/2025,0.430,0.460,0.030,0.050,0.600,4
2025-09-06 01:29,old data/2025,0.430,0.460,0.030,0.033,0.900,3
2025-09-06 01:33,old data/2025,0.430,0.460,0.030,0.033,0.900,3
2025-09-06 06:28,old data/2025,0.370,0.400,0.030,0.033,0.908,3
2025-09-06 06:35,old data/2025,0.370,0.400,0.030,0.017,1.800,2
2025-09-06 07:11,old data/2025,0.360,0.390,0.030,0.017,1.770,2
2025-09-06 15:54,old data/2025,0.250,0.280,0.030,0.017,1.800,2
2025-09-06 15:55,old data/2025,0.250,0.280,0.030,0.050,0.597,4
2025-09-06 16:04,old data/2025,0.250,0.280,0.030,0.017,1.770,2
2025-09-06 16:11,old data/2025,0.250,0.280,0.030,0.017,1.770,2
2025-09-06 17:41,old data/2025,0.230,0.260,0.030,0.033,0.900,3
2025-09-06 18:24,old data/2025,0.220,0.250,0.030,0.017,1.770,2
2025-09-06 18:46,old data/2025,0.210,0.240,0.030,0.033,0.900,3
2025-09-06 18:49,old data/2025,0.210,0.240,0.030,0.017,1.800,2
2025-09-06 18:56,old data/2025,0.210,0.240,0.030,0.083,0.362,6
2025-09-06 19:06,old data/2025,0.210,0.240,0.030,0.017,1.800,2
2025-09-06 19:51,old data/2025,0.200,0.230,0.030,0.034,0.893,3
2025-09-06 20:48,old data/2025,0.190,0.220,0.030,0.050,0.603,4
2025-09-06 20:56,old data/2025,0.190,0.220,0.030,0.033,0.908,3
2025-09-06 21:22,old data/2025,0.180,0.210,0.030,0.050,0.600,4
2025-09-06 21:31,old data/2025,0.180,0.210,0.030,0.017,1.800,2
2025-09-06 22:22,old data/2025,0.170,0.200,0.030,0.050,0.603,4
2025-09-06 22:26,old data/2025,0.170,0.200,0.030,0.033,0.900,3
2025-09-06 23:14,old data/2025,0.160,0.190,0.030,0.017,1.800,2
2025-09-07 00:04,old data/2025,0.150,0.180,0.030,0.067,0.450,5
2025-09-07 00:46,old data/2025,0.140,0.170,0.030,0.017,1.800,2
2025-09-07 00:48,old data/2025,0.140,0.170,0.030,0.034,0.893,3
2025-09-07 01:53,old data/2025,0.130,0.160,0.030,0.033,0.908,3
2025-09-07 02:46,old data/2025,0.120,0.150,0.030,0.034,0.893,3
2025-09-07 03:41,old data/2025,0.110,0.140,0.030,0.017,1.800,2
2025-09-07 04:25,old data/2025,0.100,0.130,0.030,0.050,0.600,4
2025-09-07 04:30,old data/2025,0.100,0.130,0.030,0.017,1.770,2
2025-09-07 04:54,old data/2025,0.100,0.130,0.030,0.033,0.900,3
2025-09-07 05:04,old data/2025,0.090,0.120,0.030,0.033,0.900,3
2025-09-07 05:20,old data/2025,0.090,0.120,0.030,0.066,0.452,5
2025-09-07 05:29,old data/2025,0.090,0.120,0.030,0.017,1.800,2
2025-09-07 05:38,old data/2025,0.090,0.120,0.030,0.050,0.603,4
2025-09-07 06:18,old data/2025,0.080,0.110,0.030,0.017,1.800,2
2025-09-07 06:21,old data/2025,0.080,0.110,0.030,0.033,0.908,3
2025-09-07 06:29,old data/2025,0.080,0.110,0.030,0.050,0.597,4
2025-09-07 06:41,old data/2025,0.080,0.110,0.030,0.017,1.742,2
2025-09-07 06:43,old data/2025,0.080,0.110,0.030,0.017,1.770,2
2025-09-07 06:47,old data/2025,0.070,0.100,0.030,0.016,1.831,2
2025-09-07 06:50,old data/2025,0.080,0.110,0.030,0.017,1.800,2
2025-09-07 07:17,old data/2025,0.070,0.100,0.030,0.034,0.878,3
2025-09-07 07:20,old data/2025,0.070,0.100,0.030,0.033,0.900,3
2025-09-07 07:28,old data/2025,0.070,0.100,0.030,0.017,1.742,2
2025-09-07 07:31,old data/2025,0.070,0.100,0.030,0.067,0.450,5
2025-09-07 07:36,old data/2025,0.070,0.100,0.030,0.016,1.831,2
2025-09-07 07:39,old data/2025,0.070,0.100,0.030,0.034,0.893,3
2025-09-07 07:51,old data/2025,0.070,0.100,0.030,0.017,1.800,2
2025-09-07 08:21,old data/2025,0.060,0.090,0.030,0.017,1.800,2
2025-09-07 08:38,old data/2025,0.060,0.090,0.030,0.017,1.770,2
2025-09-07 08:55,old data/2025,0.060,0.520,0.460,0.033,14.034,3
2025-09-07 09:03,old data/2025,0.490,0.520,0.030,0.033,0.900,3
2025-09-07 09:09,old data/2025,0.490,0.520,0.030,0.017,1.800,2
2025-09-07 09:31,old data/2025,0.480,0.510,0.030,0.017,1.800,2
2025-09-07 09:38,old data/2025,0.480,0.510,0.030,0.017,1.800,2
2025-09-07 09:57,old data/2025,0.470,0.500,0.030,0.034,0.893,3
2025-09-07 10:00,old data/2025,0.470,0.500,0.030,0.033,0.900,3
2025-09-07 10:04,old data/2025,0.470,0.500,0.030,0.016,1.831,2
2025-09-07 10:07,old data/2025,0.470,0.500,0.030,0.017,1.800,2
2025-09-07 12:25,old data/2025,0.430,0.460,0.030,0.016,1.831,2
2025-09-07 12:38,old data/2025,0.430,0.460,0.030,0.034,0.893,3
2025-09-07 12:44,old data/2025,0.430,0.460,0.030,0.050,0.600,4
2025-09-07 13:11,old data/2025,0.420,0.450,0.030,0.034,0.893,3
2025-09-07 14:00,old data/2025,0.410,0.440,0.030,0.034,0.893,3
2025-09-07 16:42,old data/2025,0.370,0.400,0.030,0.050,0.600,4
2025-09-07 17:20,old data/2025,0.360,0.390,0.030,0.033,0.908,3
2025-09-07 17:51,old data/2025,0.350,0.380,0.030,0.017,1.800,2
2025-09-07 20:38,old data/2025,0.310,0.340,0.030,0.067,0.448,5
2025-09-07 20:44,old data/2025,0.310,0.340,0.030,0.016,1.831,2
2025-09-07 20:56,old data/2025,0.310,0.340,0.030,0.017,1.770,2
2025-09-07 21:17,old data/2025,0.300,0.330,0.030,0.033,0.908,3
2025-09-07 21:20,old data/2025,0.300,0.330,0.030,0.016,1.831,2
2025-09-07 21:27,old data/2025,0.300,0.330,0.030,0.017,1.800,2
2025-09-07 21:45,old data/2025,0.290,0.320,0.030,0.017,1.800,2
2025-09-07 22:15,old data/2025,0.290,0.320,0.030,0.050,0.600,4
2025-09-08 00:52,old data/2025,0.250,0.280,0.030,0.033,0.900,3
2025-09-08 01:04,old data/2025,0.250,0.280,0.030,0.050,0.597,4
2025-09-08 01:41,old data/2025,0.240,0.270,0.030,0.017,1.800,2
2025-09-08 01:47,old data/2025,0.240,0.270,0.030,0.033,0.908,3
2025-09-08 01:53,old data/2025,0.240,0.270,0.030,0.017,1.800,2
2025-09-08 02:21,old data/2025,0.230,0.260,0.030,0.050,0.603,4
2025-09-08 02:29,old data/2025,0.230,0.260,0.030,0.033,0.908,3
2025-09-08 02:41,old data/2025,0.230,0.260,0.030,0.033,0.908,3
2025-09-08 02:51,old data/2025,0.230,0.260,0.030,0.034,0.893,3
2025-09-08 02:54,old data/2025,0.230,0.260,0.030,0.017,1.800,2
2025-09-08 03:10,old data/2025,0.220,0.250,0.030,0.050,0.600,4
2025-09-08 03:18,old data/2025,0.220,0.250,0.030,0.016,1.831,2
2025-09-08 04:07,old data/2025,0.210,0.240,0.030,0.067,0.446,5
2025-09-08 04:12,old data/2025,0.210,0.240,0.030,0.017,1.800,2
2025-09-08 04:20,old data/2025,0.210,0.240,0.030,0.033,0.908,3
2025-09-08 04:53,old data/2025,0.200,0.230,0.030,0.066,0.454,5
2025-09-08 05:28,old data/2025,0.190,0.220,0.030,0.017,1.770,2
2025-09-08 05:36,old data/2025,0.190,0.220,0.030,0.067,0.450,5
2025-09-08 05:41,old data/2025,0.190,0.220,0.030,0.017,1.742,2
2025-09-08 05:43,old data/2025,0.190,0.220,0.030,0.017,1.800,2
2025-09-08 05:48,old data/2025,0.190,0.220,0.030,0.067,0.446,5
2025-09-08 06:26,old data/2025,0.180,0.210,0.030,0.016,1.831,2
2025-09-08 06:59,old data/2025,0.180,0.210,0.030,0.017,1.800,2
2025-09-08 07:08,old data/2025,0.170,0.200,0.030,0.017,1.800,2
2025-09-08 07:16,old data/2025,0.170,0.200,0.030,0.033,0.900,3
2025-09-08 07:19,old data/2025,0.170,0.200,0.030,0.033,0.900,3
2025-09-08 07:47,old data/2025,0.160,0.190,0.030,0.017,1.800,2
2025-09-08 07:52,old data/2025,0.160,0.190,0.030,0.034,0.893,3
2025-09-08 08:11,old data/2025,0.160,0.190,0.030,0.017,1.800,2
2025-09-08 08:15,old data/2025,0.160,0.190,0.030,0.017,1.770,2
2025-09-08 08:52,old data/2025,0.150,0.180,0.030,0.050,0.597,4
2025-09-08 09:38,old data/2025,0.140,0.170,0.030,0.033,0.908,3
2025-09-08 09:48,old data/2025,0.140,0.170,0.030,0.083,0.360,6
2025-09-08 10:00,old data/2025,0.140,0.170,0.030,0.017,1.770,2
2025-09-08 10:21,old data/2025,0.130,0.160,0.030,0.067,0.450,5
2025-09-08 10:29,old data/2025,0.130,0.160,0.030,0.017,1.800,2
2025-09-08 10:40,old data/2025,0.130,0.160,0.030,0.017,1.800,2
2025-09-08 10:44,old data/2025,0.130,0.160,0.030,0.017,1.770,2
2025-09-08 10:46,old data/2025,0.130,0.160,0.030,0.067,0.450,5
2025-09-08 10:58,old data/2025,0.130,0.160,0.030,0.033,0.900,3
2025-09-08 11:01,old data/2025,0.130,0.160,0.030,0.017,1.800,2
2025-09-08 12:03,old data/2025,0.120,0.150,0.030,0.017,1.800,2
2025-09-08 12:10,old data/2025,0.120,0.150,0.030,0.017,1.770,2
2025-09-08 12:33,old data/2025,0.110,0.140,0.030,0.067,0.450,5
2025-09-08 12:48,old data/2025,0.110,0.140,0.030,0.017,1.800,2
2025-09-08 13:05,old data/2025,0.110,0.140,0.030,0.017,1.800,2
2025-09-08 14:04,old data/2025,0.100,0.130,0.030,0.100,0.301,7
2025-09-08 14:14,old data/2025,0.100,0.130,0.030,0.017,1.800,2
2025-09-08 14:21,old data/2025,0.100,0.130,0.030,0.033,0.900,3
2025-09-08 14:24,old data/2025,0.100,0.130,0.030,0.017,1.800,2
2025-09-08 14:47,old data/2025,0.090,0.120,0.030,0.017,1.742,2
2025-09-08 15:03,old data/2025,0.090,0.120,0.030,0.017,1.742,2
2025-09-08 15:23,old data/2025,0.090,0.120,0.030,0.017,1.800,2
2025-09-08 15:27,old data/2025,0.090,0.120,0.030,0.033,0.915,3
2025-09-08 15:38,old data/2025,0.090,0.120,0.030,0.050,0.600,4
2025-09-08 16:00,old data/2025,0.090,0.120,0.030,0.017,1.800,2
2025-09-08 16:22,old data/2025,0.080,0.110,0.030,0.067,0.448,5
2025-09-08 16:29,old data/2025,0.080,0.110,0.030,0.034,0.893,3
2025-09-08 16:34,old data/2025,0.080,0.110,0.030,0.016,1.831,2
2025-09-08 16:44,old data/2025,0.100,0.530,0.430,0.067,6.450,5
2025-09-08 16:50,old data/2025,0.510,0.540,0.030,0.033,0.908,3
2025-09-08 16:55,old data/2025,0.510,0.540,0.030,0.017,1.770,2
2025-09-08 17:04,old data/2025,0.510,0.540,0.030,0.034,0.893,3
2025-09-08 17:43,old data/2025,0.500,0.530,0.030,0.017,1.800,2
2025-09-08 18:43,old data/2025,0.480,0.510,0.030,0.050,0.603,4
2025-09-08 18:49,old data/2025,0.480,0.510,0.030,0.133,0.225,9
2025-09-08 19:12,old data/2025,0.470,0.500,0.030,0.017,1.742,2
2025-09-08 19:18,old data/2025,0.470,0.500,0.030,0.017,1.770,2
2025-09-08 21:27,old data/2025,0.430,0.460,0.030,0.017,1.800,2
2025-09-08 21:34,old data/2025,0.430,0.460,0.030,0.050,0.600,4
2025-09-08 21:39,old data/2025,0.430,0.460,0.030,0.034,0.893,3
2025-09-08 21:42,old data/2025,0.430,0.460,0.030,0.134,0.225,3
2025-09-08 21:58,old data/2025,0.430,0.460,0.030,0.033,0.900,3
2025-09-08 22:10,old data/2025,0.430,0.460,0.030,0.033,0.900,3
2025-09-08 22:21,old data/2025,0.430,0.460,0.030,0.017,1.770,2
2025-09-08 23:01,old data/2025,0.410,0.440,0.030,0.017,1.770,2
2025-09-08 23:03,old data/2025,0.410,0.440,0.030,0.017,1.800,2
2025-09-08 23:13,old data/2025,0.410,0.440,0.030,0.033,0.900,3
2025-09-09 02:00,old data/2025,0.370,0.400,0.030,0.017,1.742,2
2025-09-09 02:08,old data/2025,0.370,0.400,0.030,0.017,1.800,2
2025-09-09 02:29,old data/2025,0.360,0.390,0.030,0.016,1.831,2
2025-09-09 02:40,old data/2025,0.360,0.390,0.030,0.250,0.120,9
2025-09-09 03:25,old data/2025,0.350,0.380,0.030,0.034,0.885,3
2025-09-09 03:30,old data/2025,0.350,0.380,0.030,0.017,1.800,2
2025-09-09 05:47,old data/2025,0.310,0.340,0.030,0.033,0.915,3
2025-09-09 06:24,old data/2025,0.310,0.340,0.030,0.016,1.831,2
2025-09-09 06:43,old data/2025,0.300,0.330,0.030,0.017,1.770,2
2025-09-09 06:53,old data/2025,0.300,0.330,0.030,0.017,1.800,2
2025-09-09 07:49,old data/2025,0.290,0.320,0.030,0.017,1.800,2
2025-09-09 08:02,old data/2025,0.290,0.320,0.030,0.017,1.800,2
2025-09-09 10:43,old data/2025,0.250,0.280,0.030,0.083,0.360,3
2025-09-09 10:50,old data/2025,0.250,0.280,0.030,0.033,0.908,3
2025-09-09 11:16,old data/2025,0.250,0.640,0.390,0.034,11.603,3
2025-09-09 11:19,old data/2025,0.600,0.630,0.030,0.133,0.225,9
2025-09-09 11:34,old data/2025,0.600,0.630,0.030,0.017,1.770,2
2025-09-09 11:39,old data/2025,0.600,0.630,0.030,0.017,1.770,2
2025-09-09 11:44,old data/2025,0.590,0.620,0.030,0.017,1.800,2
2025-09-09 12:59,old data/2025,0.570,0.600,0.030,0.050,0.600,4
2025-09-09 13:13,old data/2025,0.570,0.600,0.030,0.016,1.862,2
2025-09-09 15:45,old data/2025,0.520,0.550,0.030,0.033,0.908,3
2025-09-09 16:01,old data/2025,0.520,0.550,0.030,0.033,0.908,3
2025-09-09 16:27,old data/2025,0.510,0.540,0.030,0.017,1.800,2
2025-09-09 17:14,old data/2025,0.500,0.530,0.030,0.017,1.800,2
2025-09-09 18:14,old data/2025,0.480,0.510,0.030,0.017,1.800,2
2025-09-09 18:26,old data/2025,0.480,0.510,0.030,0.067,0.448,5
2025-09-09 18:58,old data/2025,0.470,0.500,0.030,0.017,1.742,2
2025-09-09 19:11,old data/2025,0.470,0.500,0.030,0.033,0.900,3
2025-09-09 19:17,old data/2025,0.470,0.500,0.030,0.034,0.893,3
2025-09-09 19:24,old data/2025,0.470,0.500,0.030,0.017,1.800,2
2025-09-09 19:28,old data/2025,0.470,0.500,0.030,0.017,1.800,2
2025-09-09 21:18,old data/2025,0.430,0.460,0.030,0.017,1.800,2
2025-09-09 21:20,old data/2025,0.430,0.460,0.030,0.050,0.603,4
2025-09-09 21:24,old data/2025,0.430,0.460,0.030,0.033,0.900,3
2025-09-09 21:30,old data/2025,0.430,0.460,0.030,0.034,0.893,3
2025-09-09 21:33,old data/2025,0.430,0.460,0.030,0.017,1.770,2
2025-09-09 21:42,old data/2025,0.430,0.460,0.030,0.066,0.452,5
2025-09-09 21:59,old data/2025,0.420,0.450,0.030,0.033,0.900,3
2025-09-09 22:02,old data/2025,0.420,0.450,0.030,0.017,1.800,2
2025-09-09 22:15,old data/2025,0.420,0.450,0.030,0.017,1.800,2
2025-09-09 22:38,old data/2025,0.410,0.440,0.030,0.100,0.299,4
2025-09-09 22:55,old data/2025,0.410,0.440,0.030,0.016,1.831,2
2025-09-10 01:13,old data/2025,0.370,0.400,0.030,0.017,1.800,2
2025-09-10 01:24,old data/2025,0.370,0.400,0.030,0.017,1.742,2
2025-09-10 01:39,old data/2025,0.370,0.400,0.030,0.033,0.900,3
2025-09-10 02:05,old data/2025,0.360,0.390,0.030,0.033,0.908,3
2025-09-10 02:32,old data/2025,0.350,0.380,0.030,0.050,0.597,4
2025-09-10 03:02,old data/2025,0.350,0.380,0.030,0.050,0.597,4
2025-09-10 05:15,old data/2025,0.310,0.340,0.030,0.033,0.900,3
2025-09-10 05:18,old data/2025,0.310,0.340,0.030,0.017,1.800,2
2025-09-10 05:26,old data/2025,0.310,0.340,0.030,0.033,0.900,3
2025-09-10 05:29,old data/2025,0.310,0.340,0.030,0.033,0.915,3
2025-09-10 05:33,old data/2025,0.310,0.340,0.030,0.033,0.908,3
2025-09-10 06:05,old data/2025,0.300,0.330,0.030,0.034,0.885,3
2025-09-10 06:26,old data/2025,0.300,0.330,0.030,0.117,0.257,8
2025-09-10 06:43,old data/2025,0.290,0.320,0.030,0.067,0.450,5
2025-09-10 06:49,old data/2025,0.290,0.320,0.030,0.017,1.800,2
2025-09-10 07:00,old data/2025,0.290,0.320,0.030,0.016,1.831,2
2025-09-10 16:46,old data/2025,0.000,1.000,1.000,0.050,20.000,4
2025-09-10 16:51,old data/2025,0.990,1.520,0.530,0.067,7.917,5
2025-09-11 10:04,old data/2025,0.030,0.790,0.760,0.033,22.800,3
2025-09-11 10:07,old data/2025,0.060,0.620,0.560,0.017,32.516,2
2025-09-11 10:10,old data/2025,0.050,0.960,0.910,0.083,10.920,6
2025-09-11 10:16,old data/2025,0.020,0.220,0.200,0.066,3.013,5
2025-09-11 10:21,old data/2025,0.100,1.110,1.010,0.017,60.600,2
2025-09-11 10:26,old data/2025,0.080,1.040,0.960,0.034,28.328,3
2025-09-11 10:31,old data/2025,0.030,1.460,1.430,0.067,21.450,5
2025-09-11 10:36,old data/2025,0.650,1.590,0.940,0.117,8.019,5
2025-09-11 10:57,old data/2025,1.550,1.580,0.030,0.033,0.900,3
2025-09-11 11:20,old data/2025,1.530,1.560,0.030,0.017,1.770,2
2025-09-11 11:44,old data/2025,1.520,1.550,0.030,0.017,1.800,2
2025-09-11 11:47,old data/2025,1.520,1.550,0.030,0.017,1.800,2
2025-09-11 11:55,old data/2025,1.510,1.540,0.030,0.034,0.893,3
2025-09-11 12:17,old data/2025,1.500,1.530,0.030,0.017,1.800,2
2025-09-11 12:42,old data/2025,1.490,1.520,0.030,0.050,0.603,4
2025-09-11 13:01,old data/2025,1.480,1.510,0.030,0.034,0.893,3
2025-09-11 13:05,old data/2025,1.480,1.510,0.030,0.117,0.257,8
2025-09-11 14:01,old data/2025,1.460,1.490,0.030,0.133,0.225,9
2025-09-11 14:12,old data/2025,1.460,1.490,0.030,0.033,0.900,3
2025-09-11 14:24,old data/2025,1.450,1.480,0.030,0.033,0.900,3
2025-09-11 14:39,old data/2025,1.450,1.480,0.030,0.017,1.742,2
2025-09-11 14:43,old data/2025,1.450,1.480,0.030,0.017,1.800,2
2025-09-11 14:55,old data/2025,1.440,1.470,0.030,0.083,0.360,6
2025-09-11 15:07,old data/2025,1.440,1.470,0.030,0.083,0.360,6
2025-09-11 17:05,old data/2025,1.410,1.440,0.030,0.050,0.597,4
2025-09-11 17:44,old data/2025,1.400,1.430,0.030,0.100,0.301,7
2025-09-11 18:50,old data/2025,1.390,1.420,0.030,0.067,0.446,5
2025-09-11 18:55,old data/2025,1.390,1.420,0.030,0.033,0.908,3
2025-09-11 19:07,old data/2025,1.390,1.420,0.030,0.034,0.885,3
2025-09-11 22:20,old data/2025,1.340,1.370,0.030,0.033,0.900,3
2025-09-11 23:54,old data/2025,1.320,1.350,0.030,0.033,0.900,3
2025-09-12 00:24,old data/2025,1.310,1.340,0.030,0.033,0.900,3
2025-09-12 03:00,old data/2025,1.280,1.310,0.030,0.017,1.800,2
2025-09-12 03:50,old data/2025,1.260,1.290,0.030,0.016,1.862,2
2025-09-12 03:59,old data/2025,1.260,1.290,0.030,0.017,1.800,2
2025-09-12 04:32,old data/2025,1.250,1.280,0.030,0.067,0.450,5
2025-09-12 05:20,old data/2025,1.240,1.270,0.030,0.017,1.800,2
2025-09-12 05:22,old data/2025,1.240,1.270,0.030,0.017,1.800,2
2025-09-12 06:00,old data/2025,1.230,1.260,0.030,0.050,0.597,4
2025-09-12 06:12,old data/2025,1.230,1.260,0.030,0.017,1.770,2
2025-09-12 06:32,old data/2025,1.220,1.250,0.030,0.016,1.831,2
2025-09-12 06:55,old data/2025,1.210,1.240,0.030,0.050,0.597,4
2025-09-12 07:54,old data/2025,1.200,1.230,0.030,0.017,1.800,2
2025-09-12 08:25,old data/2025,1.190,1.220,0.030,0.100,0.300,7
2025-09-12 10:12,old data/2025,1.160,1.190,0.030,0.033,0.908,3
2025-09-12 11:54,old data/2025,1.130,1.160,0.030,0.033,0.900,3
2025-09-12 12:03,old data/2025,1.130,1.160,0.030,0.034,0.893,3
2025-09-12 12:11,old data/2025,1.130,1.160,0.030,0.100,0.299,7
2025-09-12 16:06,old data/2025,1.060,1.090,0.030,0.017,1.770,2
2025-09-12 17:05,old data/2025,1.040,1.070,0.030,0.033,0.900,3
2025-09-12 17:09,old data/2025,1.040,1.070,0.030,0.034,0.893,3
2025-09-12 17:14,old data/2025,1.040,1.070,0.030,0.034,0.893,3
2025-09-12 17:40,old data/2025,1.030,1.060,0.030,0.033,0.900,3
2025-09-12 18:02,old data/2025,1.020,1.050,0.030,0.016,1.831,2
2025-09-12 18:28,old data/2025,1.020,1.050,0.030,0.016,1.831,2
2025-09-12 19:13,old data/2025,1.000,1.030,0.030,0.017,1.800,2
2025-09-12 19:30,old data/2025,1.000,1.030,0.030,0.017,1.770,2
2025-09-12 20:06,old data/2025,0.990,1.020,0.030,0.017,1.742,2
2025-09-12 20:23,old data/2025,0.980,1.010,0.030,0.050,0.600,4
2025-09-12 20:28,old data/2025,0.980,1.010,0.030,0.050,0.600,4
2025-09-12 20:54,old data/2025,0.970,1.000,0.030,0.017,1.770,2
2025-09-12 21:21,old data/2025,0.970,1.000,0.030,0.016,1.831,2
2025-09-12 21:35,old data/2025,0.960,0.990,0.030,0.033,0.900,3
2025-09-12 21:44,old data/2025,0.960,0.990,0.030,0.016,1.831,2
2025-09-12 21:57,old data/2025,0.950,0.980,0.030,0.083,0.361,6
2025-09-13 00:38,old data/2025,0.900,0.930,0.030,0.016,1.862,2
2025-09-13 00:52,old data/2025,0.900,0.930,0.030,0.017,1.770,2
2025-09-13 01:20,old data/2025,0.890,0.920,0.030,0.083,0.361,3
2025-09-13 01:33,old data/2025,0.890,0.920,0.030,0.017,1.800,2
2025-09-13 01:43,old data/2025,0.880,0.910,0.030,0.017,1.770,2
2025-09-13 02:01,old data/2025,0.880,0.910,0.030,0.017,1.800,2
2025-09-13 02:57,old data/2025,0.860,0.890,0.030,0.034,0.893,3
2025-09-13 03:02,old data/2025,0.860,0.890,0.030,0.033,0.900,3
2025-09-13 03:58,old data/2025,0.840,0.870,0.030,0.033,0.900,3
2025-09-13 04:05,old data/2025,0.840,0.870,0.030,0.033,0.900,3
2025-09-13 04:15,old data/2025,0.840,0.870,0.030,0.034,0.885,3
2025-09-13 04:27,old data/2025,0.830,0.860,0.030,0.050,0.600,4
2025-09-13 04:35,old data/2025,0.830,0.860,0.030,0.016,1.831,2
2025-09-13 05:14,old data/2025,0.820,0.850,0.030,0.017,1.800,2
2025-09-13 05:16,old data/2025,0.820,0.850,0.030,0.050,0.603,4
2025-09-13 07:07,old data/2025,0.780,0.810,0.030,0.033,0.900,3
2025-09-13 07:38,old data/2025,0.770,0.800,0.030,0.017,1.800,2
2025-09-13 07:53,old data/2025,0.770,0.800,0.030,0.017,1.800,2
2025-09-13 08:12,old data/2025,0.760,0.790,0.030,0.017,1.770,2
2025-09-13 08:23,old data/2025,0.760,0.790,0.030,0.050,0.600,4
2025-09-13 08:49,old data/2025,0.750,0.780,0.030,0.033,0.900,3
2025-09-13 08:53,old data/2025,0.750,0.780,0.030,0.016,1.831,2
2025-09-13 08:55,old data/2025,0.750,0.780,0.030,0.033,0.900,3
2025-09-13 09:10,old data/2025,0.740,0.770,0.030,0.034,0.893,3
2025-09-13 09:24,old data/2025,0.740,0.770,0.030,0.050,0.600,4
2025-09-13 09:29,old data/2025,0.740,0.770,0.030,0.017,1.770,2
2025-09-13 09:48,old data/2025,0.730,0.760,0.030,0.033,0.900,3
2025-09-13 09:57,old data/2025,0.730,0.760,0.030,0.017,1.800,2
2025-09-13 10:07,old data/2025,0.730,0.760,0.030,0.016,1.862,2
2025-09-13 10:53,old data/2025,0.710,0.740,0.030,0.017,1.800,2
2025-09-13 11:02,old data/2025,0.710,0.740,0.030,0.033,0.900,3
2025-09-13 11:10,old data/2025,0.710,0.740,0.030,0.017,1.742,2
2025-09-13 11:25,old data/2025,0.700,0.730,0.030,0.033,0.908,3
2025-09-13 12:04,old data/2025,0.690,0.720,0.030,0.017,1.800,2
2025-09-13 12:14,old data/2025,0.690,0.720,0.030,0.017,1.742,2
2025-09-13 14:09,old data/2025,0.650,0.680,0.030,0.033,0.900,3
2025-09-13 14:18,old data/2025,0.650,0.680,0.030,0.033,0.900,3
2025-09-13 14:48,old data/2025,0.640,0.670,0.030,0.033,0.908,3
2025-09-13 15:17,old data/2025,0.630,0.660,0.030,0.017,1.770,2
2025-09-13 15:26,old data/2025,0.630,0.660,0.030,0.016,1.831,2
2025-09-13 15:28,old data/2025,0.630,0.660,0.030,0.017,1.800,2
2025-09-13 15:51,old data/2025,0.620,0.650,0.030,0.033,0.900,3
2025-09-13 15:54,old data/2025,0.620,0.650,0.030,0.034,0.893,3
2025-09-13 15:57,old data/2025,0.620,0.650,0.030,0.033,0.908,3
2025-09-13 16:47,old data/2025,0.600,0.630,0.030,0.050,0.597,4
2025-09-13 17:32,old data/2025,0.590,0.620,0.030,0.050,0.603,4
2025-09-13 18:01,old data/2025,0.580,0.610,0.030,0.017,1.800,2
2025-09-13 20:25,old data/2025,0.530,0.560,0.030,0.050,0.603,4
2025-09-13 20:40,old data/2025,0.530,0.560,0.030,0.033,0.908,3
2025-09-13 21:26,old data/2025,0.520,0.550,0.030,0.034,0.885,3
2025-09-13 21:35,old data/2025,0.510,0.540,0.030,0.083,0.360,6
2025-09-13 21:45,old data/2025,0.510,0.540,0.030,0.033,0.908,3
2025-09-13 21:51,old data/2025,0.510,1.480,0.970,0.034,28.860,3
2025-09-13 21:55,old data/2025,1.470,1.500,0.030,0.034,0.893,3
2025-09-13 22:00,old data/2025,1.480,1.510,0.030,0.017,1.800,2
2025-09-13 22:03,old data/2025,1.490,1.520,0.030,0.017,1.800,2
2025-09-13 22:05,old data/2025,1.480,1.510,0.030,0.067,0.446,5
2025-09-13 22:11,old data/2025,1.490,1.530,0.040,0.034,1.190,3
2025-09-13 22:26,old data/2025,1.490,1.520,0.030,0.033,0.900,3
2025-09-13 22:35,old data/2025,1.490,1.520,0.030,0.017,1.800,2
2025-09-13 22:38,old data/2025,1.490,1.520,0.030,0.034,0.893,3
2025-09-13 22:44,old data/2025,1.490,1.520,0.030,0.017,1.770,2
2025-09-13 22:46,old data/2025,1.490,1.520,0.030,0.050,0.600,4
2025-09-13 22:50,old data/2025,1.490,1.520,0.030,0.017,1.770,2
2025-09-13 23:15,old data/2025,1.480,1.510,0.030,0.033,0.900,3
2025-09-13 23:23,old data/2025,1.480,1.510,0.030,0.033,0.908,3
2025-09-13 23:32,old data/2025,1.480,1.510,0.030,0.050,0.603,4
2025-09-14 00:07,old data/2025,1.470,1.500,0.030,0.033,0.900,3
2025-09-14 00:23,old data/2025,1.470,1.500,0.030,0.100,0.299,4
2025-09-14 00:33,old data/2025,1.470,1.500,0.030,0.017,1.800,2
2025-09-14 00:44,old data/2025,1.460,1.490,0.030,0.067,0.450,5
2025-09-14 01:10,old data/2025,1.450,1.480,0.030,0.067,0.450,5
2025-09-14 01:35,old data/2025,1.450,1.480,0.030,0.050,0.597,4
2025-09-14 01:56,old data/2025,1.440,1.470,0.030,0.050,0.597,4
2025-09-14 02:35,old data/2025,1.430,1.460,0.030,0.100,0.299,7
2025-09-14 02:43,old data/2025,1.430,1.460,0.030,0.033,0.900,3
2025-09-14 03:11,old data/2025,1.420,1.450,0.030,0.034,0.893,3
2025-09-14 03:22,old data/2025,1.420,1.450,0.030,0.034,0.893,3
2025-09-14 03:27,old data/2025,1.420,1.450,0.030,0.033,0.900,3
2025-09-14 03:51,old data/2025,1.410,1.440,0.030,0.033,0.900,3
2025-09-14 03:59,old data/2025,1.410,1.440,0.030,0.017,1.800,2
2025-09-14 04:47,old data/2025,1.400,1.430,0.030,0.033,0.908,3
2025-09-14 05:18,old data/2025,1.390,1.420,0.030,0.017,1.742,2
2025-09-14 05:20,old data/2025,1.390,1.420,0.030,0.017,1.800,2
2025-09-14 05:47,old data/2025,1.380,1.420,0.040,0.017,2.400,2
2025-09-14 06:02,old data/2025,1.380,1.410,0.030,0.017,1.800,2
2025-09-14 07:56,old data/2025,1.340,1.380,0.040,0.050,0.800,4
2025-09-14 08:38,old data/2025,1.340,1.370,0.030,0.016,1.831,2
2025-09-14 08:46,old data/2025,1.340,1.370,0.030,0.017,1.800,2
2025-09-14 08:50,old data/2025,1.330,1.360,0.030,0.050,0.597,4
2025-09-14 08:55,old data/2025,1.330,1.360,0.030,0.117,0.257,8
2025-09-14 09:36,old data/2025,1.320,1.350,0.030,0.034,0.893,3
2025-09-14 09:55,old data/2025,1.320,1.350,0.030,0.050,0.597,4
2025-09-14 10:00,old data/2025,1.320,1.350,0.030,0.050,0.600,4
2025-09-14 10:23,old data/2025,1.310,1.340,0.030,0.050,0.597,4
2025-09-14 10:43,old data/2025,1.310,1.340,0.030,0.017,1.800,2
2025-09-14 11:02,old data/2025,1.300,1.330,0.030,0.017,1.800,2
2025-09-14 11:07,old data/2025,1.300,1.330,0.030,0.033,0.915,3
2025-09-14 11:10,old data/2025,1.300,1.330,0.030,0.033,0.900,3
2025-09-14 11:14,old data/2025,1.300,1.330,0.030,0.017,1.800,2
2025-09-14 11:34,old data/2025,1.300,1.330,0.030,0.050,0.597,4
2025-09-14 11:44,old data/2025,1.300,1.330,0.030,0.016,1.831,2
2025-09-14 11:52,old data/2025,1.290,1.320,0.030,0.050,0.603,4
2025-09-14 11:57,old data/2025,1.290,1.320,0.030,0.016,1.862,2
2025-09-14 12:03,old data/2025,1.290,1.320,0.030,0.033,0.900,3
2025-09-14 12:17,old data/2025,1.280,1.310,0.030,0.017,1.800,2
2025-09-14 12:27,old data/2025,1.280,1.310,0.030,0.033,0.900,3
2025-09-14 12:56,old data/2025,1.270,1.300,0.030,0.017,1.800,2
2025-09-14 13:02,old data/2025,1.270,1.300,0.030,0.017,1.770,2
2025-09-14 13:07,old data/2025,1.270,1.300,0.030,0.050,0.603,4
2025-09-14 13:48,old data/2025,1.260,1.290,0.030,0.049,0.607,4
2025-09-14 13:51,old data/2025,1.260,1.290,0.030,0.034,0.893,3
2025-09-14 14:00,old data/2025,1.260,1.290,0.030,0.033,0.900,3
2025-09-14 14:27,old data/2025,1.250,1.280,0.030,0.066,0.454,5
2025-09-14 14:38,old data/2025,1.250,1.280,0.030,0.033,0.900,3
2025-09-14 14:51,old data/2025,1.240,1.270,0.030,0.016,1.831,2
2025-09-14 15:18,old data/2025,1.240,1.270,0.030,0.016,1.831,2
2025-09-14 15:54,old data/2025,1.230,1.260,0.030,0.016,1.831,2
2025-09-14 15:57,old data/2025,1.230,1.260,0.030,0.050,0.600,4
2025-09-14 16:16,old data/2025,1.220,1.250,0.030,0.034,0.893,3
2025-09-14 16:35,old data/2025,1.220,1.250,0.030,0.017,1.770,2
2025-09-14 17:17,old data/2025,1.210,1.240,0.030,0.017,1.770,2
2025-09-14 17:51,old data/2025,1.200,1.230,0.030,0.050,0.600,4
2025-09-14 18:06,old data/2025,1.200,1.230,0.030,0.033,0.908,3
2025-09-14 18:21,old data/2025,1.190,1.220,0.030,0.017,1.800,2
2025-09-14 18:31,old data/2025,1.190,1.220,0.030,0.017,1.770,2
2025-09-14 18:47,old data/2025,1.190,1.220,0.030,0.066,0.452,5
2025-09-14 18:56,old data/2025,1.190,1.220,0.030,0.133,0.225,6
2025-09-14 19:06,old data/2025,1.190,1.220,0.030,0.033,0.900,3
2025-09-14 19:09,old data/2025,1.180,1.210,0.030,0.016,1.831,2
2025-09-14 19:13,old data/2025,1.180,1.210,0.030,0.017,1.770,2
2025-09-14 19:48,old data/2025,1.170,1.200,0.030,0.017,1.800,2
2025-09-14 20:10,old data/2025,1.170,1.200,0.030,0.017,1.770,2
2025-09-14 20:18,old data/2025,1.170,1.200,0.030,0.017,1.800,2
2025-09-14 20:55,old data/2025,1.150,1.180,0.030,0.067,0.450,5
2025-09-14 21:01,old data/2025,1.150,1.180,0.030,0.033,0.915,3
2025-09-14 21:06,old data/2025,1.150,1.180,0.030,0.017,1.800,2
2025-09-14 21:56,old data/2025,1.140,1.170,0.030,0.083,0.361,3
2025-09-15 01:07,old data/2025,1.090,1.120,0.030,0.034,0.893,3
2025-09-15 01:14,old data/2025,1.090,1.120,0.030,0.017,1.800,2
2025-09-15 01:20,old data/2025,1.090,1.120,0.030,0.017,1.770,2
2025-09-15 01:39,old data/2025,1.090,1.120,0.030,0.083,0.361,6
2025-09-15 01:48,old data/2025,1.080,1.110,0.030,0.033,0.900,3
2025-09-15 02:00,old data/2025,1.080,1.110,0.030,0.033,0.900,3
2025-09-15 02:13,old data/2025,1.070,1.100,0.030,0.034,0.893,3
2025-09-15 03:07,old data/2025,1.060,1.090,0.030,0.017,1.800,2
2025-09-15 03:09,old data/2025,1.060,1.090,0.030,0.016,1.831,2
2025-09-15 03:11,old data/2025,1.060,1.090,0.030,0.050,0.600,4
2025-09-15 03:47,old data/2025,1.050,1.080,0.030,0.017,1.800,2
2025-09-15 03:56,old data/2025,1.050,1.080,0.030,0.034,0.893,3
2025-09-15 04:20,old data/2025,1.040,1.070,0.030,0.033,0.900,3
2025-09-15 04:33,old data/2025,1.040,1.070,0.030,0.050,0.597,4
2025-09-15 05:15,old data/2025,1.030,1.060,0.030,0.034,0.893,3
2025-09-15 05:34,old data/2025,1.030,1.060,0.030,0.049,0.607,4
2025-09-15 05:59,old data/2025,1.020,1.050,0.030,0.051,0.590,4
2025-09-15 06:04,old data/2025,1.020,1.050,0.030,0.033,0.908,3
2025-09-15 06:25,old data/2025,1.010,1.040,0.030,0.017,1.800,2
2025-09-15 06:32,old data/2025,1.010,1.040,0.030,0.033,0.908,3
2025-09-15 06:45,old data/2025,1.010,1.040,0.030,0.017,1.770,2
2025-09-15 06:55,old data/2025,1.000,1.030,0.030,0.050,0.600,4
2025-09-15 07:18,old data/2025,1.000,1.030,0.030,0.021,1.421,2
2025-09-15 07:45,old data/2025,0.990,1.020,0.030,0.033,0.900,3
2025-09-15 08:01,old data/2025,0.990,1.020,0.030,0.067,0.450,5
2025-09-15 08:18,old data/2025,0.980,1.010,0.030,0.017,1.800,2
2025-09-15 08:25,old data/2025,0.980,1.010,0.030,0.017,1.800,2
2025-09-15 08:33,old data/2025,0.980,1.010,0.030,0.050,0.603,4
2025-09-15 08:55,old data/2025,0.980,1.010,0.030,0.050,0.597,4
2025-09-15 09:45,old data/2025,0.960,0.990,0.030,0.050,0.600,4
2025-09-15 09:53,old data/2025,0.950,0.980,0.030,0.033,0.900,3
2025-09-15 10:07,old data/2025,0.940,0.970,0.030,0.017,1.770,2
2025-09-15 10:11,old data/2025,0.940,0.970,0.030,0.117,0.257,8
2025-09-15 11:35,old data/2025,0.900,0.940,0.040,0.067,0.600,5
2025-09-15 11:44,old data/2025,0.900,0.930,0.030,0.016,1.862,2
2025-09-15 11:53,old data/2025,0.900,0.930,0.030,0.033,0.908,3
2025-09-15 11:59,old data/2025,0.900,0.930,0.030,0.017,1.800,2
2025-09-15 12:12,old data/2025,0.890,0.920,0.030,0.017,1.800,2
2025-09-15 12:16,old data/2025,0.890,0.920,0.030,0.034,0.893,3
2025-09-15 12:31,old data/2025,0.890,0.920,0.030,0.050,0.600,4
2025-09-15 12:35,old data/2025,0.890,0.920,0.030,0.017,1.800,2
2025-09-15 12:39,old data/2025,0.880,0.910,0.030,0.017,1.742,2
2025-09-15 12:46,old data/2025,0.880,0.910,0.030,0.033,0.900,3
2025-09-15 12:49,old data/2025,0.880,0.910,0.030,0.034,0.893,3
2025-09-15 13:08,old data/2025,0.880,0.910,0.030,0.017,1.742,2
2025-09-15 13:14,old data/2025,0.870,0.900,0.030,0.034,0.893,3
2025-09-15 13:23,old data/2025,0.870,0.900,0.030,0.016,1.831,2
2025-09-15 14:23,old data/2025,0.850,0.880,0.030,0.034,0.893,3
2025-09-15 14:26,old data/2025,0.850,0.880,0.030,0.017,1.742,2
2025-09-15 14:59,old data/2025,0.840,0.870,0.030,0.033,0.900,3
2025-09-15 15:25,old data/2025,0.830,0.860,0.030,0.016,1.862,2
2025-09-15 15:29,old data/2025,0.830,0.860,0.030,0.067,0.446,5
2025-09-15 15:59,old data/2025,0.820,0.850,0.030,0.016,1.831,2
2025-09-15 16:05,old data/2025,0.820,0.850,0.030,0.017,1.742,2
2025-09-15 16:19,old data/2025,0.690,1.530,0.840,0.184,4.575,9
2025-09-15 17:00,old data/2025,1.470,1.500,0.030,0.033,0.900,3
2025-09-15 17:07,old data/2025,1.470,1.500,0.030,0.017,1.800,2
2025-09-15 18:12,old data/2025,1.440,1.470,0.030,0.017,1.770,2
2025-09-15 18:22,old data/2025,1.430,1.460,0.030,0.067,0.450,5
2025-09-15 18:55,old data/2025,1.420,1.450,0.030,0.017,1.800,2
2025-09-15 18:57,old data/2025,1.420,1.450,0.030,0.033,0.900,3
2025-09-15 19:12,old data/2025,1.410,1.440,0.030,0.017,1.770,2
2025-09-15 19:27,old data/2025,1.400,1.430,0.030,0.034,0.893,3
2025-09-15 20:07,old data/2025,1.390,1.420,0.030,0.033,0.900,3
2025-09-15 20:48,old data/2025,1.380,1.410,0.030,0.016,1.831,2
2025-09-15 22:14,old data/2025,1.340,1.370,0.030,0.017,1.800,2
2025-09-15 23:28,old data/2025,1.320,1.350,0.030,0.017,1.770,2
2025-09-15 23:39,old data/2025,1.310,1.340,0.030,0.033,0.900,3
2025-09-15 23:56,old data/2025,1.310,1.340,0.030,0.050,0.603,4
2025-09-16 00:06,old data/2025,1.300,1.330,0.030,0.017,1.800,2
2025-09-16 00:50,old data/2025,1.280,1.310,0.030,0.033,0.900,3
2025-09-16 01:08,old data/2025,1.280,1.310,0.030,0.033,0.908,3
2025-09-16 01:11,old data/2025,1.280,1.310,0.030,0.016,1.862,2
2025-09-16 01:30,old data/2025,1.270,1.300,0.030,0.033,0.900,3
2025-09-16 01:38,old data/2025,1.270,1.300,0.030,0.017,1.800,2
2025-09-16 02:12,old data/2025,1.250,1.280,0.030,0.033,0.900,3
2025-09-16 02:16,old data/2025,1.250,1.280,0.030,0.017,1.800,2
2025-09-16 03:05,old data/2025,1.230,1.260,0.030,0.033,0.900,3
2025-09-16 03:09,old data/2025,1.230,1.260,0.030,0.033,0.908,3
2025-09-16 03:13,old data/2025,1.230,1.260,0.030,0.033,0.900,3
2025-09-16 03:29,old data/2025,1.220,1.250,0.030,0.017,1.800,2
2025-09-16 03:38,old data/2025,1.220,1.250,0.030,0.017,1.800,2
2025-09-16 04:07,old data/2025,1.210,1.240,0.030,0.016,1.831,2
2025-09-16 04:11,old data/2025,1.210,1.240,0.030,0.017,1.800,2
2025-09-16 04:33,old data/2025,1.200,1.230,0.030,0.050,0.600,4
2025-09-16 05:03,old data/2025,1.190,1.220,0.030,0.050,0.600,4
2025-09-16 05:24,old data/2025,1.180,1.210,0.030,0.033,0.900,3
2025-09-16 05:33,old data/2025,1.180,1.210,0.030,0.017,1.800,2
2025-09-16 05:54,old data/2025,1.170,1.200,0.030,0.033,0.900,3
2025-09-16 06:04,old data/2025,1.170,1.200,0.030,0.016,1.831,2
2025-09-16 06:22,old data/2025,1.160,1.190,0.030,0.017,1.800,2
2025-09-16 07:03,old data/2025,1.140,1.170,0.030,0.050,0.600,4
2025-09-16 07:20,old data/2025,1.140,1.170,0.030,0.032,0.923,3
2025-09-16 07:27,old data/2025,1.140,1.170,0.030,0.066,0.454,2
2025-09-16 07:46,old data/2025,1.130,1.160,0.030,0.017,1.770,2
2025-09-16 07:50,old data/2025,1.130,1.160,0.030,0.016,1.831,2
2025-09-16 09:57,old data/2025,1.080,1.110,0.030,0.017,1.800,2
2025-09-16 10:20,old data/2025,1.070,1.100,0.030,0.050,0.597,4
2025-09-16 10:34,old data/2025,1.070,1.100,0.030,0.017,1.800,2
2025-09-16 10:42,old data/2025,1.060,1.090,0.030,0.050,0.597,4
2025-09-16 10:51,old data/2025,1.060,1.090,0.030,0.033,0.900,3
2025-09-16 11:18,old data/2025,1.050,1.080,0.030,0.017,1.770,2
2025-09-16 11:27,old data/2025,1.050,1.080,0.030,0.017,1.800,2
2025-09-16 11:36,old data/2025,1.050,1.080,0.030,0.034,0.893,3
2025-09-16 12:02,old data/2025,1.040,1.070,0.030,0.017,1.770,2
2025-09-16 12:20,old data/2025,1.030,1.060,0.030,0.017,1.800,2
2025-09-16 12:24,old data/2025,1.030,1.060,0.030,0.016,1.831,2
2025-09-16 12:46,old data/2025,1.020,1.050,0.030,0.034,0.893,3
2025-09-16 12:49,old data/2025,1.020,1.050,0.030,0.050,0.597,4
2025-09-16 13:24,old data/2025,1.010,1.040,0.030,0.017,1.800,2
2025-09-16 13:29,old data/2025,1.010,1.040,0.030,0.067,0.448,5
2025-09-16 14:06,old data/2025,0.990,1.020,0.030,0.017,1.770,2
2025-09-16 14:27,old data/2025,0.990,1.020,0.030,0.016,1.862,2
2025-09-16 14:51,old data/2025,0.980,1.010,0.030,0.050,0.600,4
2025-09-16 16:02,old data/2025,0.960,0.990,0.030,0.016,1.862,2
2025-09-16 16:41,old data/2025,0.940,0.970,0.030,0.033,0.908,3
2025-09-16 18:25,old data/2025,0.900,0.930,0.030,0.016,1.862,2
2025-09-16 18:34,old data/2025,0.900,0.930,0.030,0.017,1.800,2
2025-09-16 18:39,old data/2025,0.900,0.930,0.030,0.034,0.893,3
2025-09-16 19:02,old data/2025,0.890,0.920,0.030,0.067,0.450,5
2025-09-16 19:07,old data/2025,0.890,0.920,0.030,0.017,1.800,2
2025-09-16 19:10,old data/2025,0.890,0.920,0.030,0.016,1.831,2
2025-09-16 19:20,old data/2025,0.890,0.920,0.030,0.017,1.770,2
2025-09-16 19:26,old data/2025,0.880,0.910,0.030,0.017,1.800,2
2025-09-16 20:02,old data/2025,0.870,0.900,0.030,0.033,0.900,3
2025-09-16 20:05,old data/2025,0.870,0.900,0.030,0.033,0.900,3
2025-09-16 20:55,old data/2025,0.850,0.880,0.030,0.017,1.742,2
2025-09-16 21:54,old data/2025,0.830,0.860,0.030,0.033,0.900,3
2025-09-16 21:57,old data/2025,0.830,0.860,0.030,0.016,1.831,2
2025-09-16 21:59,old data/2025,0.830,0.860,0.030,0.033,0.900,3
2025-09-16 22:02,old data/2025,0.830,0.860,0.030,0.017,1.742,2
2025-09-16 22:37,old data/2025,0.820,0.850,0.030,0.033,0.908,3
2025-09-17 00:16,old data/2025,0.780,0.810,0.030,0.016,1.862,2
2025-09-17 00:55,old data/2025,0.770,0.800,0.030,0.050,0.600,4
2025-09-17 01:30,old data/2025,0.760,0.790,0.030,0.017,1.800,2
2025-09-17 01:47,old data/2025,0.750,0.780,0.030,0.017,1.742,2
2025-09-17 01:59,old data/2025,0.750,0.780,0.030,0.017,1.800,2
2025-09-17 02:23,old data/2025,0.740,0.770,0.030,0.034,0.893,3
2025-09-17 02:33,old data/2025,0.740,0.770,0.030,0.033,0.900,3
2025-09-17 02:50,old data/2025,0.730,0.760,0.030,0.033,0.900,3
2025-09-17 02:57,old data/2025,0.730,0.760,0.030,0.100,0.301,7
2025-09-17 03:12,old data/2025,0.730,0.760,0.030,0.016,1.862,2
2025-09-17 03:29,old data/2025,0.720,0.750,0.030,0.033,0.908,3
2025-09-17 03:41,old data/2025,0.720,0.750,0.030,0.017,1.742,2
2025-09-17 03:51,old data/2025,0.710,0.740,0.030,0.033,0.900,3
2025-09-17 03:57,old data/2025,0.710,0.740,0.030,0.033,0.900,3
2025-09-17 04:28,old data/2025,0.700,0.730,0.030,0.017,1.800,2
2025-09-17 04:33,old data/2025,0.700,0.730,0.030,0.016,1.831,2
2025-09-17 04:40,old data/2025,0.700,0.730,0.030,0.033,0.900,3
2025-09-17 04:47,old data/2025,0.700,0.730,0.030,0.033,0.900,3
2025-09-17 05:08,old data/2025,0.690,0.720,0.030,0.017,1.800,2
2025-09-17 05:16,old data/2025,0.690,0.720,0.030,0.017,1.770,2
2025-09-17 07:15,old data/2025,0.650,0.680,0.030,0.050,0.600,4
2025-09-17 07:38,old data/2025,0.640,0.670,0.030,0.016,1.831,2
2025-09-17 07:53,old data/2025,0.640,0.670,0.030,0.033,0.915,3
2025-09-17 08:20,old data/2025,0.630,0.660,0.030,0.016,1.831,2
2025-09-17 08:36,old data/2025,0.620,0.650,0.030,0.050,0.603,4
2025-09-17 09:28,old data/2025,0.610,0.640,0.030,0.033,0.908,3
2025-09-17 09:34,old data/2025,0.610,0.640,0.030,0.017,1.800,2
2025-09-17 09:54,old data/2025,0.600,0.630,0.030,0.017,1.800,2
2025-09-17 10:28,old data/2025,0.590,0.620,0.030,0.067,0.446,5
2025-09-17 10:37,old data/2025,0.590,0.620,0.030,0.033,0.900,3
2025-09-17 10:40,old data/2025,0.590,0.620,0.030,0.017,1.800,2
2025-09-17 11:01,old data/2025,0.580,0.610,0.030,0.017,1.800,2
2025-09-17 11:23,old data/2025,0.570,0.600,0.030,0.017,1.770,2
2025-09-17 11:35,old data/2025,0.570,0.600,0.030,0.034,0.885,3
2025-09-17 11:49,old data/2025,0.570,0.600,0.030,0.017,1.800,2
2025-09-17 13:56,old data/2025,0.530,0.560,0.030,0.034,0.893,3
2025-09-17 14:03,old data/2025,0.530,0.560,0.030,0.017,1.770,2
2025-09-17 14:14,old data/2025,0.530,0.560,0.030,0.033,0.908,3
2025-09-17 14:17,old data/2025,0.530,0.560,0.030,0.017,1.770,2
2025-09-17 14:21,old data/2025,0.530,0.560,0.030,0.100,0.299,7
2025-09-17 14:31,old data/2025,0.520,0.550,0.030,0.017,1.800,2
2025-09-17 14:33,old data/2025,0.520,0.550,0.030,0.017,1.770,2
2025-09-17 14:36,old data/2025,0.520,0.550,0.030,0.017,1.770,2
2025-09-17 14:38,old data/2025,0.520,0.550,0.030,0.050,0.600,4
2025-09-17 14:42,old data/2025,0.520,0.550,0.030,0.034,0.893,3
2025-09-17 15:06,old data/2025,0.510,0.540,0.030,0.017,1.800,2
2025-09-17 15:08,old data/2025,0.510,0.540,0.030,0.017,1.770,2
2025-09-17 15:18,old data/2025,0.500,0.530,0.030,0.034,0.893,3
2025-09-17 15:32,old data/2025,0.500,0.530,0.030,0.017,1.800,2
2025-09-17 15:34,old data/2025,0.500,0.530,0.030,0.016,1.831,2
2025-09-17 15:50,old data/2025,0.500,0.530,0.030,0.017,1.800,2
2025-09-17 16:06,old data/2025,0.490,0.530,0.040,0.067,0.600,5
2025-09-17 16:25,old data/2025,0.480,1.020,0.540,0.033,16.200,3
2025-09-17 16:37,old data/2025,1.000,1.030,0.030,0.017,1.770,2
2025-09-17 16:50,old data/2025,0.990,1.020,0.030,0.066,0.452,5
2025-09-17 17:10,old data/2025,0.990,1.020,0.030,0.017,1.800,2
2025-09-17 17:28,old data/2025,0.980,1.010,0.030,0.033,0.915,3
2025-09-17 17:45,old data/2025,0.970,1.000,0.030,0.050,0.600,4
2025-09-17 17:56,old data/2025,0.970,1.000,0.030,0.016,1.831,2
2025-09-17 18:02,old data/2025,0.970,1.000,0.030,0.017,1.742,2
2025-09-17 18:04,old data/2025,0.970,1.000,0.030,0.067,0.450,5
2025-09-17 18:17,old data/2025,0.960,0.990,0.030,0.034,0.893,3
2025-09-17 18:20,old data/2025,0.960,0.990,0.030,0.017,1.800,2
2025-09-17 18:37,old data/2025,0.950,0.980,0.030,0.084,0.359,6
2025-09-17 18:49,old data/2025,0.950,0.980,0.030,0.050,0.597,4
2025-09-17 19:12,old data/2025,0.950,0.980,0.030,0.016,1.831,2
2025-09-17 19:15,old data/2025,0.940,0.970,0.030,0.050,0.600,4
2025-09-17 19:22,old data/2025,0.940,0.970,0.030,0.017,1.800,2
2025-09-17 19:30,old data/2025,0.940,0.970,0.030,0.016,1.831,2
2025-09-17 20:51,old data/2025,0.900,0.940,0.040,0.017,2.400,2
2025-09-17 21:02,old data/2025,0.900,0.930,0.030,0.083,0.360,6
2025-09-17 21:09,old data/2025,0.900,0.930,0.030,0.150,0.200,10
2025-09-17 21:21,old data/2025,0.900,0.930,0.030,0.034,0.893,3
2025-09-17 21:24,old data/2025,0.900,0.930,0.030,0.017,1.800,2
2025-09-17 21:39,old data/2025,0.890,0.920,0.030,0.017,1.800,2
2025-09-17 21:44,old data/2025,0.890,0.920,0.030,0.050,0.597,4
2025-09-17 21:52,old data/2025,0.890,0.920,0.030,0.017,1.800,2
2025-09-17 22:00,old data/2025,0.880,0.910,0.030,0.017,1.770,2
2025-09-17 22:06,old data/2025,0.880,0.910,0.030,0.017,1.800,2
2025-09-17 22:37,old data/2025,0.870,0.900,0.030,0.033,0.900,3
2025-09-17 22:41,old data/2025,0.870,0.900,0.030,0.050,0.603,4
2025-09-17 22:53,old data/2025,0.870,0.900,0.030,0.016,1.862,2
2025-09-17 23:08,old data/2025,0.860,0.890,0.030,0.033,0.900,3
2025-09-17 23:21,old data/2025,0.850,0.880,0.030,0.033,0.900,3
2025-09-17 23:44,old data/2025,0.850,0.880,0.030,0.034,0.893,3
2025-09-17 23:50,old data/2025,0.850,0.880,0.030,0.034,0.893,3
2025-09-18 00:14,old data/2025,0.840,0.870,0.030,0.017,1.800,2
2025-09-18 00:17,old data/2025,0.840,0.870,0.030,0.016,1.831,2
2025-09-18 00:41,old data/2025,0.830,0.860,0.030,0.033,0.900,3
2025-09-18 00:47,old data/2025,0.830,0.860,0.030,0.033,0.900,3
2025-09-18 01:03,old data/2025,0.820,0.850,0.030,0.050,0.600,4
2025-09-18 03:11,old data/2025,0.780,0.810,0.030,0.067,0.448,5
2025-09-18 03:16,old data/2025,0.780,0.810,0.030,0.017,1.770,2
2025-09-18 03:20,old data/2025,0.780,0.810,0.030,0.017,1.770,2
2025-09-18 03:35,old data/2025,0.770,0.800,0.030,0.133,0.225,9
2025-09-18 03:48,old data/2025,0.770,0.800,0.030,0.017,1.770,2
2025-09-18 04:02,old data/2025,0.770,0.800,0.030,0.017,1.800,2
2025-09-18 04:05,old data/2025,0.770,0.800,0.030,0.033,0.908,3
2025-09-18 04:19,old data/2025,0.770,0.800,0.030,0.034,0.893,3
2025-09-18 04:24,old data/2025,0.760,0.790,0.030,0.033,0.908,3
2025-09-18 04:27,old data/2025,0.760,0.790,0.030,0.017,1.800,2
2025-09-18 04:35,old data/2025,0.760,0.790,0.030,0.017,1.800,2
2025-09-18 05:00,old data/2025,0.750,0.780,0.030,0.033,0.915,3
2025-09-18 05:03,old data/2025,0.750,0.780,0.030,0.017,1.800,2
2025-09-18 05:19,old data/2025,0.740,0.770,0.030,0.017,1.770,2
2025-09-18 05:23,old data/2025,0.740,0.770,0.030,0.017,1.800,2
2025-09-18 05:38,old data/2025,0.740,0.770,0.030,0.017,1.800,2
2025-09-18 05:43,old data/2025,0.730,0.760,0.030,0.067,0.450,5
2025-09-18 06:06,old data/2025,0.730,0.760,0.030,0.016,1.862,2
2025-09-18 06:10,old data/2025,0.730,0.760,0.030,0.016,1.831,2
2025-09-18 06:29,old data/2025,0.720,0.750,0.030,0.050,0.597,4
2025-09-18 06:41,old data/2025,0.720,0.750,0.030,0.016,1.831,2
2025-09-18 07:18,old data/2025,0.710,0.740,0.030,0.016,1.862,2
2025-09-18 08:31,old data/2025,0.690,0.720,0.030,0.017,1.770,2
2025-09-18 08:34,old data/2025,0.690,0.720,0.030,0.017,1.770,2
2025-09-18 08:36,old data/2025,0.690,0.720,0.030,0.033,0.900,3
2025-09-18 10:30,old data/2025,0.650,0.680,0.030,0.034,0.893,3
2025-09-18 10:35,old data/2025,0.650,0.680,0.030,0.017,1.800,2
2025-09-18 10:48,old data/2025,0.650,0.680,0.030,0.016,1.831,2
2025-09-18 10:55,old data/2025,0.650,0.680,0.030,0.017,1.770,2
2025-09-18 10:59,old data/2025,0.650,0.680,0.030,0.017,1.770,2
2025-09-18 11:03,old data/2025,0.650,0.680,0.030,0.033,0.900,3
2025-09-18 11:10,old data/2025,0.500,0.530,0.030,0.033,0.900,3
2025-09-18 11:14,old data/2025,0.520,1.570,1.050,0.033,31.500,3
2025-09-18 11:19,old data/2025,1.550,1.580,0.030,0.017,1.800,2
2025-09-18 12:07,old data/2025,1.510,1.540,0.030,0.033,0.900,3
2025-09-18 12:10,old data/2025,1.500,1.540,0.040,0.033,1.200,3
2025-09-18 12:17,old data/2025,1.500,1.530,0.030,0.050,0.603,4
2025-09-18 12:35,old data/2025,1.490,1.520,0.030,0.016,1.831,2
2025-09-18 12:43,old data/2025,1.480,1.510,0.030,0.017,1.770,2
2025-09-18 12:57,old data/2025,1.470,1.500,0.030,0.067,0.448,5
2025-09-18 13:02,old data/2025,1.470,1.500,0.030,0.017,1.800,2
2025-09-18 13:13,old data/2025,1.470,1.500,0.030,0.033,0.908,3
2025-09-18 13:26,old data/2025,1.460,1.490,0.030,0.017,1.800,2
2025-09-18 13:28,old data/2025,1.460,1.490,0.030,0.017,1.770,2
2025-09-18 14:13,old data/2025,1.430,1.460,0.030,0.050,0.600,4
2025-09-18 14:36,old data/2025,1.420,1.450,0.030,0.067,0.450,5
2025-09-18 14:41,old data/2025,1.420,1.450,0.030,0.017,1.800,2
2025-09-18 15:10,old data/2025,1.400,1.430,0.030,0.017,1.770,2
2025-09-18 15:34,old data/2025,1.390,1.420,0.030,0.033,0.900,3
2025-09-18 15:37,old data/2025,1.380,1.420,0.040,0.017,2.400,2
2025-09-18 16:25,old data/2025,1.350,1.390,0.040,0.150,0.267,5
2025-09-18 17:02,old data/2025,1.340,1.380,0.040,0.016,2.441,2
2025-09-18 17:07,old data/2025,1.340,1.370,0.030,0.017,1.800,2
2025-09-18 17:13,old data/2025,1.340,1.370,0.030,0.067,0.450,5
2025-09-18 19:01,old data/2025,1.300,1.330,0.030,0.017,1.800,2
2025-09-18 20:03,old data/2025,1.280,1.310,0.030,0.017,1.800,2
2025-09-18 20:07,old data/2025,1.280,1.310,0.030,0.033,0.900,3
2025-09-18 20:50,old data/2025,1.270,1.300,0.030,0.016,1.831,2
2025-09-18 21:06,old data/2025,1.260,1.290,0.030,0.017,1.800,2
2025-09-18 21:14,old data/2025,1.260,1.290,0.030,0.016,1.831,2
2025-09-18 21:22,old data/2025,1.250,1.280,0.030,0.033,0.900,3
2025-09-18 21:25,old data/2025,1.250,1.280,0.030,0.034,0.893,3
2025-09-18 22:13,old data/2025,1.230,1.260,0.030,0.033,0.900,3
2025-09-18 22:18,old data/2025,1.230,1.260,0.030,0.017,1.770,2
2025-09-18 22:21,old data/2025,1.230,1.260,0.030,0.033,0.900,3
2025-09-18 22:55,old data/2025,1.220,1.250,0.030,0.050,0.600,4
2025-09-19 00:26,old data/2025,1.180,1.210,0.030,0.084,0.359,6
2025-09-19 00:39,old data/2025,1.180,1.210,0.030,0.016,1.831,2
2025-09-19 00:49,old data/2025,1.170,1.200,0.030,0.017,1.770,2
2025-09-19 01:23,old data/2025,1.160,1.190,0.030,0.066,0.454,5
2025-09-19 01:28,old data/2025,1.160,1.190,0.030,0.017,1.800,2
2025-09-19 02:35,old data/2025,1.130,1.160,0.030,0.017,1.800,2
2025-09-19 02:37,old data/2025,1.130,1.160,0.030,0.033,0.900,3
2025-09-19 04:35,old data/2025,1.090,1.120,0.030,0.033,0.900,3
2025-09-19 04:48,old data/2025,1.080,1.110,0.030,0.017,1.800,2
2025-09-19 05:20,old data/2025,1.070,1.100,0.030,0.017,1.800,2
2025-09-19 05:31,old data/2025,1.060,1.090,0.030,0.067,0.450,5
2025-09-19 06:07,old data/2025,1.050,1.080,0.030,0.033,0.900,3
2025-09-19 06:35,old data/2025,1.040,1.070,0.030,0.017,1.800,2
2025-09-19 06:46,old data/2025,1.030,1.060,0.030,0.116,0.258,8
2025-09-19 06:56,old data/2025,1.030,1.060,0.030,0.033,0.900,3
2025-09-19 07:02,old data/2025,1.030,1.060,0.030,0.017,1.800,2
2025-09-19 07:06,old data/2025,1.030,1.060,0.030,0.016,1.831,2
2025-09-19 07:19,old data/2025,1.020,1.050,0.030,0.217,0.138,4
2025-09-19 07:55,old data/2025,1.010,1.040,0.030,0.050,0.603,4
2025-09-19 08:14,old data/2025,1.000,1.030,0.030,0.033,0.900,3
2025-09-19 08:22,old data/2025,1.000,1.030,0.030,0.050,0.600,4
2025-09-19 08:43,old data/2025,0.990,1.020,0.030,0.034,0.893,3
2025-09-19 09:17,old data/2025,0.980,1.010,0.030,0.017,1.742,2
2025-09-19 09:40,old data/2025,0.970,1.000,0.030,0.017,1.800,2
2025-09-19 10:50,old data/2025,0.940,0.970,0.030,0.050,0.603,4
2025-09-19 10:54,old data/2025,0.940,0.970,0.030,0.017,1.800,2
2025-09-19 10:57,old data/2025,0.940,0.970,0.030,0.050,0.603,4
2025-09-19 12:42,old data/2025,0.900,0.940,0.040,0.033,1.200,3
2025-09-19 12:46,old data/2025,0.900,0.930,0.030,0.033,0.908,3
2025-09-19 12:55,old data/2025,0.900,0.930,0.030,0.017,1.770,2
2025-09-19 13:03,old data/2025,0.900,0.930,0.030,0.016,1.862,2
2025-09-19 13:16,old data/2025,0.900,0.930,0.030,0.100,0.299,7
2025-09-19 13:24,old data/2025,0.890,0.920,0.030,0.067,0.450,5
2025-09-19 13:39,old data/2025,0.890,0.920,0.030,0.017,1.800,2
2025-09-19 13:41,old data/2025,0.890,0.920,0.030,0.034,0.893,3
2025-09-19 13:46,old data/2025,0.880,0.920,0.040,0.017,2.400,2
2025-09-19 13:57,old data/2025,0.880,0.910,0.030,0.133,0.225,6
2025-09-19 14:52,old data/2025,0.860,0.890,0.030,0.017,1.800,2
2025-09-19 14:57,old data/2025,0.860,0.890,0.030,0.016,1.831,2
2025-09-19 15:04,old data/2025,0.860,0.890,0.030,0.017,1.770,2
2025-09-19 15:10,old data/2025,0.850,0.880,0.030,0.017,1.742,2
2025-09-19 15:18,old data/2025,0.850,0.880,0.030,0.067,0.448,5
2025-09-19 15:48,old data/2025,0.840,0.870,0.030,0.051,0.593,4
2025-09-19 16:12,old data/2025,0.830,0.860,0.030,0.017,1.742,2
2025-09-19 16:24,old data/2025,0.830,0.860,0.030,0.016,1.831,2
2025-09-19 16:42,old data/2025,0.820,0.850,0.030,0.067,0.450,5
2025-09-19 18:36,old data/2025,0.780,0.810,0.030,0.033,0.908,3
2025-09-19 18:51,old data/2025,0.780,0.810,0.030,0.016,1.831,2
2025-09-19 18:54,old data/2025,0.780,0.810,0.030,0.100,0.300,7
2025-09-19 19:10,old data/2025,0.770,0.800,0.030,0.016,1.831,2
2025-09-19 19:34,old data/2025,0.760,0.790,0.030,0.050,0.597,4
2025-09-19 20:18,old data/2025,0.750,0.780,0.030,0.016,1.831,2
2025-09-19 20:55,old data/2025,0.740,0.770,0.030,0.050,0.600,4
2025-09-19 21:45,old data/2025,0.720,0.750,0.030,0.033,0.900,3
2025-09-19 21:53,old data/2025,0.720,0.750,0.030,0.017,1.800,2
2025-09-19 21:58,old data/2025,0.720,0.750,0.030,0.017,1.800,2
2025-09-19 22:00,old data/2025,0.720,0.750,0.030,0.017,1.800,2
2025-09-19 22:31,old data/2025,0.710,0.740,0.030,0.017,1.770,2
2025-09-19 22:56,old data/2025,0.700,0.730,0.030,0.033,0.900,3
2025-09-19 23:00,old data/2025,0.700,0.730,0.030,0.017,1.800,2
2025-09-19 23:03,old data/2025,0.700,0.730,0.030,0.017,1.800,2
2025-09-19 23:18,old data/2025,0.690,0.720,0.030,0.051,0.593,4
2025-09-19 23:22,old data/2025,0.690,0.720,0.030,0.033,0.908,3
2025-09-20 01:15,old data/2025,0.650,0.680,0.030,0.033,0.900,3
2025-09-20 01:26,old data/2025,0.650,0.680,0.030,0.067,0.448,5
2025-09-20 02:38,old data/2025,0.630,0.660,0.030,0.017,1.800,2
2025-09-20 02:46,old data/2025,0.630,0.660,0.030,0.017,1.800,2
2025-09-20 03:07,old data/2025,0.620,0.650,0.030,0.100,0.300,7
2025-09-20 03:25,old data/2025,0.620,0.650,0.030,0.133,0.225,9
2025-09-20 03:39,old data/2025,0.610,0.640,0.030,0.050,0.597,4
2025-09-20 03:44,old data/2025,0.610,0.640,0.030,0.017,1.800,2
2025-09-20 03:46,old data/2025,0.610,0.640,0.030,0.017,1.800,2
2025-09-20 03:48,old data/2025,0.610,0.640,0.030,0.017,1.800,2
2025-09-20 03:50,old data/2025,0.610,0.640,0.030,0.034,0.893,3
2025-09-20 03:59,old data/2025,0.600,0.630,0.030,0.050,0.600,4
2025-09-20 04:14,old data/2025,0.600,0.630,0.030,0.034,0.893,3
2025-09-20 04:29,old data/2025,0.600,0.630,0.030,0.016,1.831,2
2025-09-20 04:44,old data/2025,0.590,0.620,0.030,0.034,0.885,3
2025-09-20 04:52,old data/2025,0.590,0.620,0.030,0.017,1.800,2
2025-09-20 04:56,old data/2025,0.590,0.620,0.030,0.017,1.800,2
2025-09-20 05:18,old data/2025,0.590,0.620,0.030,0.034,0.893,3
2025-09-20 05:34,old data/2025,0.580,0.610,0.030,0.067,0.446,5
2025-09-20 08:35,old data/2025,0.530,0.560,0.030,0.017,1.800,2
2025-09-20 08:37,old data/2025,0.530,0.560,0.030,0.017,1.800,2
2025-09-20 08:41,old data/2025,0.530,0.560,0.030,0.017,1.800,2
2025-09-20 09:00,old data/2025,0.530,0.560,0.030,0.017,1.800,2
2025-09-20 09:17,old data/2025,0.520,0.550,0.030,0.050,0.600,4
2025-09-20 09:21,old data/2025,0.520,0.550,0.030,0.050,0.603,4
2025-09-20 09:27,old data/2025,0.520,0.550,0.030,0.017,1.770,2
2025-09-20 09:57,old data/2025,0.510,0.540,0.030,0.033,0.900,3
2025-09-20 10:16,old data/2025,0.510,1.560,1.050,0.066,15.816,5
2025-09-20 10:21,old data/2025,1.550,1.580,0.030,0.067,0.450,5
2025-09-20 10:31,old data/2025,1.540,1.570,0.030,0.016,1.831,2
2025-09-20 10:35,old data/2025,1.530,1.560,0.030,0.017,1.800,2
2025-09-20 10:41,old data/2025,1.530,1.560,0.030,0.033,0.900,3
2025-09-20 11:05,old data/2025,1.510,1.540,0.030,0.033,0.908,3
2025-09-20 11:09,old data/2025,1.510,1.540,0.030,0.016,1.831,2
2025-09-20 11:13,old data/2025,1.510,1.540,0.030,0.017,1.770,2
2025-09-20 11:20,old data/2025,1.500,1.530,0.030,0.017,1.770,2
2025-09-20 11:41,old data/2025,1.490,1.520,0.030,0.033,0.900,3
2025-09-20 11:52,old data/2025,1.480,1.510,0.030,0.017,1.800,2
2025-09-20 12:08,old data/2025,1.470,1.500,0.030,0.034,0.893,3
2025-09-20 12:14,old data/2025,1.470,1.500,0.030,0.100,0.300,7
2025-09-20 12:32,old data/2025,1.460,1.490,0.030,0.017,1.742,2
2025-09-20 12:34,old data/2025,1.460,1.490,0.030,0.033,0.908,3
2025-09-20 12:37,old data/2025,1.460,1.490,0.030,0.016,1.831,2
2025-09-20 13:17,old data/2025,1.440,1.470,0.030,0.017,1.800,2
2025-09-20 13:25,old data/2025,1.430,1.460,0.030,0.050,0.600,4
2025-09-20 13:30,old data/2025,1.430,1.460,0.030,0.034,0.893,3
2025-09-20 13:56,old data/2025,1.420,1.450,0.030,0.034,0.885,3
2025-09-20 14:14,old data/2025,1.410,1.440,0.030,0.017,1.800,2
2025-09-20 14:19,old data/2025,1.410,1.440,0.030,0.050,0.600,4
2025-09-20 14:23,old data/2025,1.410,1.440,0.030,0.017,1.800,2
2025-09-20 14:32,old data/2025,1.400,1.430,0.030,0.017,1.800,2
2025-09-20 14:34,old data/2025,1.400,1.430,0.030,0.017,1.770,2
2025-09-20 14:44,old data/2025,1.390,1.420,0.030,0.034,0.893,3
2025-09-20 14:49,old data/2025,1.390,1.420,0.030,0.067,0.450,5
2025-09-20 15:03,old data/2025,1.390,1.420,0.030,0.017,1.800,2
2025-09-20 16:20,old data/2025,1.350,1.390,0.040,0.033,1.200,3
2025-09-20 16:50,old data/2025,1.340,1.370,0.030,0.017,1.770,2
2025-09-20 17:09,old data/2025,1.330,1.360,0.030,0.033,0.900,3
2025-09-20 17:14,old data/2025,1.330,1.360,0.030,0.117,0.257,8
2025-09-20 17:31,old data/2025,1.320,1.350,0.030,0.033,0.900,3
2025-09-20 17:44,old data/2025,1.320,1.350,0.030,0.083,0.360,6
2025-09-20 18:21,old data/2025,1.300,1.330,0.030,0.033,0.900,3
2025-09-20 18:24,old data/2025,1.300,1.330,0.030,0.017,1.770,2
2025-09-20 18:26,old data/2025,1.300,1.330,0.030,0.017,1.800,2
2025-09-20 18:42,old data/2025,1.300,1.330,0.030,0.017,1.800,2
2025-09-20 19:01,old data/2025,1.280,1.310,0.030,0.067,0.450,5
2025-09-20 19:06,old data/2025,1.280,1.310,0.030,0.017,1.800,2
2025-09-20 19:09,old data/2025,1.280,1.310,0.030,0.017,1.770,2
2025-09-20 19:13,old data/2025,1.280,1.310,0.030,0.034,0.893,3
2025-09-20 19:23,old data/2025,1.270,1.300,0.030,0.017,1.800,2
2025-09-20 19:28,old data/2025,1.270,1.300,0.030,0.050,0.600,4
2025-09-20 19:34,old data/2025,1.270,1.300,0.030,0.033,0.900,3
2025-09-20 20:01,old data/2025,1.260,1.290,0.030,0.033,0.900,3
2025-09-20 20:05,old data/2025,1.260,1.290,0.030,0.050,0.597,4
2025-09-20 20:14,old data/2025,1.260,1.290,0.030,0.016,1.831,2
2025-09-20 20:18,old data/2025,1.250,1.280,0.030,0.083,0.360,6
2025-09-20 20:44,old data/2025,1.240,1.270,0.030,0.017,1.800,2
2025-09-20 20:47,old data/2025,1.240,1.270,0.030,0.017,1.742,2
2025-09-20 20:55,old data/2025,1.240,1.270,0.030,0.017,1.800,2
2025-09-20 21:06,old data/2025,1.230,1.260,0.030,0.033,0.900,3
2025-09-20 21:10,old data/2025,1.230,1.260,0.030,0.017,1.800,2
2025-09-20 21:12,old data/2025,1.230,1.260,0.030,0.033,0.900,3
2025-09-20 21:15,old data/2025,1.230,1.260,0.030,0.050,0.600,4
2025-09-20 21:32,old data/2025,1.220,1.250,0.030,0.050,0.603,4
2025-09-20 21:53,old data/2025,1.210,1.240,0.030,0.017,1.800,2
2025-09-20 22:17,old data/2025,1.200,1.230,0.030,0.049,0.607,4
2025-09-20 22:21,old data/2025,1.200,1.230,0.030,0.017,1.800,2
2025-09-20 22:23,old data/2025,1.200,1.230,0.030,0.017,1.800,2
2025-09-20 22:53,old data/2025,1.180,1.210,0.030,0.017,1.800,2
2025-09-20 23:29,old data/2025,1.170,1.200,0.030,0.050,0.603,4
2025-09-20 23:54,old data/2025,1.160,1.190,0.030,0.017,1.800,2
2025-09-20 23:56,old data/2025,1.160,1.190,0.030,0.034,0.893,3
2025-09-21 00:08,old data/2025,1.150,1.180,0.030,0.033,0.908,3
2025-09-21 00:12,old data/2025,1.150,1.180,0.030,0.034,0.893,3
2025-09-21 02:36,old data/2025,1.090,1.120,0.030,0.017,1.770,2
2025-09-21 02:53,old data/2025,1.090,1.120,0.030,0.033,0.908,3
2025-09-21 03:00,old data/2025,1.080,1.110,0.030,0.033,0.900,3
2025-09-21 03:08,old data/2025,1.080,1.110,0.030,0.016,1.831,2
2025-09-21 03:11,old data/2025,1.080,1.110,0.030,0.033,0.900,3
2025-09-21 03:19,old data/2025,1.070,1.100,0.030,0.017,1.800,2
2025-09-21 03:54,old data/2025,1.060,1.090,0.030,0.017,1.800,2
2025-09-21 04:17,old data/2025,1.050,1.080,0.030,0.034,0.893,3
2025-09-21 04:32,old data/2025,1.040,1.070,0.030,0.017,1.800,2
2025-09-21 04:50,old data/2025,1.030,1.060,0.030,0.033,0.908,3
2025-09-21 05:02,old data/2025,1.030,1.060,0.030,0.017,1.800,2
2025-09-21 05:11,old data/2025,1.030,1.060,0.030,0.067,0.448,5
2025-09-21 05:22,old data/2025,1.020,1.050,0.030,0.017,1.770,2
2025-09-21 05:25,old data/2025,1.020,1.050,0.030,0.033,0.900,3
2025-09-21 05:59,old data/2025,1.010,1.040,0.030,0.017,1.800,2
2025-09-21 06:13,old data/2025,1.000,1.030,0.030,0.050,0.600,4
2025-09-21 06:37,old data/2025,0.990,1.020,0.030,0.050,0.597,4
2025-09-21 07:06,old data/2025,0.980,1.010,0.030,0.033,0.908,3
2025-09-21 07:12,old data/2025,0.980,1.010,0.030,0.017,1.800,2
2025-09-21 07:34,old data/2025,0.970,1.000,0.030,0.034,0.885,3
2025-09-21 07:37,old data/2025,0.970,1.000,0.030,0.016,1.831,2
2025-09-21 07:41,old data/2025,0.970,1.000,0.030,0.017,1.770,2
2025-09-21 07:55,old data/2025,0.960,0.990,0.030,0.050,0.600,4
2025-09-21 08:11,old data/2025,0.960,0.990,0.030,0.033,0.900,3
2025-09-21 08:18,old data/2025,0.950,0.980,0.030,0.016,1.831,2
2025-09-21 08:22,old data/2025,0.950,0.980,0.030,0.067,0.450,5
2025-09-21 08:27,old data/2025,0.950,0.980,0.030,0.017,1.800,2
2025-09-21 10:21,old data/2025,0.900,0.930,0.030,0.067,0.448,5
2025-09-21 10:29,old data/2025,0.900,0.930,0.030,0.017,1.742,2
2025-09-21 10:39,old data/2025,0.900,0.930,0.030,0.016,1.831,2
2025-09-21 10:48,old data/2025,0.900,0.930,0.030,0.017,1.770,2
2025-09-21 10:52,old data/2025,0.890,0.930,0.040,0.033,1.200,3
2025-09-21 10:55,old data/2025,0.890,0.920,0.030,0.017,1.800,2
2025-09-21 11:00,old data/2025,0.890,0.920,0.030,0.033,0.908,3
2025-09-21 11:03,old data/2025,0.890,0.920,0.030,0.033,0.908,3
2025-09-21 11:12,old data/2025,0.890,0.920,0.030,0.034,0.885,3
2025-09-21 11:15,old data/2025,0.880,0.910,0.030,0.101,0.298,7
2025-09-21 11:25,old data/2025,0.880,0.910,0.030,0.033,0.900,3
2025-09-21 11:33,old data/2025,0.880,0.910,0.030,0.067,0.450,5
2025-09-21 11:41,old data/2025,0.870,0.900,0.030,0.033,0.908,3
2025-09-21 11:44,old data/2025,0.870,0.900,0.030,0.017,1.770,2
2025-09-21 13:00,old data/2025,0.850,0.880,0.030,0.016,1.862,2
2025-09-21 13:30,old data/2025,0.840,0.870,0.030,0.016,1.831,2
2025-09-21 13:46,old data/2025,0.830,0.860,0.030,0.017,1.800,2
2025-09-21 13:48,old data/2025,0.830,0.860,0.030,0.050,0.597,4
2025-09-21 14:05,old data/2025,0.820,0.850,0.030,0.034,0.885,3
2025-09-21 14:08,old data/2025,0.820,0.850,0.030,0.066,0.452,5
2025-09-21 15:52,old data/2025,0.780,0.810,0.030,0.033,0.900,3
2025-09-21 16:26,old data/2025,0.770,0.800,0.030,0.017,1.770,2
2025-09-21 16:46,old data/2025,0.770,0.800,0.030,0.017,1.800,2
2025-09-21 17:11,old data/2025,0.750,0.780,0.030,0.033,0.900,3
2025-09-21 17:41,old data/2025,0.750,0.780,0.030,0.017,1.800,2
2025-09-21 17:49,old data/2025,0.740,0.770,0.030,0.033,0.900,3
2025-09-21 17:53,old data/2025,0.740,0.770,0.030,0.033,0.915,3
2025-09-21 18:22,old data/2025,0.730,0.760,0.030,0.034,0.885,3
2025-09-21 18:25,old data/2025,0.730,0.760,0.030,0.017,1.770,2
2025-09-21 18:28,old data/2025,0.730,0.760,0.030,0.133,0.225,3
2025-09-21 18:43,old data/2025,0.730,0.760,0.030,0.067,0.450,5
2025-09-21 18:51,old data/2025,0.730,0.760,0.030,0.050,0.600,4
2025-09-21 19:03,old data/2025,0.720,0.750,0.030,0.033,0.900,3
2025-09-21 19:07,old data/2025,0.720,0.750,0.030,0.017,1.800,2
2025-09-21 19:12,old data/2025,0.720,0.750,0.030,0.017,1.800,2
2025-09-21 19:34,old data/2025,0.710,0.740,0.030,0.017,1.800,2
2025-09-21 19:37,old data/2025,0.710,0.740,0.030,0.134,0.225,6
2025-09-21 19:46,old data/2025,0.710,0.740,0.030,0.017,1.742,2
2025-09-21 19:49,old data/2025,0.710,0.740,0.030,0.017,1.770,2
2025-09-21 20:01,old data/2025,0.700,0.730,0.030,0.050,0.600,4
2025-09-21 20:10,old data/2025,0.700,0.730,0.030,0.034,0.893,3
2025-09-21 20:31,old data/2025,0.690,0.720,0.030,0.050,0.597,4
2025-09-21 20:35,old data/2025,0.690,0.720,0.030,0.016,1.831,2
2025-09-21 20:47,old data/2025,0.690,0.720,0.030,0.016,1.831,2
2025-09-21 21:04,old data/2025,0.690,0.720,0.030,0.017,1.800,2
2025-09-21 22:49,old data/2025,0.650,0.680,0.030,0.066,0.452,5
2025-09-21 23:19,old data/2025,0.650,0.680,0.030,0.017,1.800,2
2025-09-21 23:25,old data/2025,0.650,0.680,0.030,0.016,1.831,2
2025-09-21 23:31,old data/2025,0.640,0.670,0.030,0.050,0.603,4
2025-09-21 23:45,old data/2025,0.640,0.670,0.030,0.050,0.600,4
2025-09-22 00:11,old data/2025,0.630,0.660,0.030,0.050,0.600,4
2025-09-22 00:31,old data/2025,0.630,0.660,0.030,0.034,0.885,3
2025-09-22 00:34,old data/2025,0.630,0.660,0.030,0.017,1.800,2
2025-09-22 00:45,old data/2025,0.630,0.660,0.030,0.016,1.862,2
2025-09-22 00:49,old data/2025,0.620,0.650,0.030,0.034,0.893,3
2025-09-22 01:06,old data/2025,0.620,0.650,0.030,0.017,1.800,2
2025-09-22 01:33,old data/2025,0.610,0.640,0.030,0.067,0.450,5
2025-09-22 01:39,old data/2025,0.610,0.640,0.030,0.067,0.450,5
2025-09-22 01:46,old data/2025,0.610,0.640,0.030,0.017,1.800,2
2025-09-22 01:48,old data/2025,0.610,0.640,0.030,0.033,0.900,3
2025-09-22 01:51,old data/2025,0.610,0.640,0.030,0.016,1.831,2
2025-09-22 01:54,old data/2025,0.610,0.640,0.030,0.017,1.800,2
2025-09-22 02:10,old data/2025,0.600,0.630,0.030,0.017,1.800,2
2025-09-22 02:18,old data/2025,0.600,0.630,0.030,0.017,1.800,2
2025-09-22 02:20,old data/2025,0.600,0.630,0.030,0.017,1.770,2
2025-09-22 02:22,old data/2025,0.600,0.630,0.030,0.017,1.770,2
2025-09-22 02:28,old data/2025,0.600,0.630,0.030,0.016,1.831,2
2025-09-22 02:30,old data/2025,0.600,0.630,0.030,0.033,0.908,3
2025-09-22 03:02,old data/2025,0.590,0.620,0.030,0.033,0.900,3
2025-09-22 03:06,old data/2025,0.590,0.620,0.030,0.017,1.800,2
2025-09-22 03:44,old data/2025,0.580,0.610,0.030,0.016,1.831,2
2025-09-22 03:59,old data/2025,0.580,0.610,0.030,0.033,0.908,3
2025-09-22 04:02,old data/2025,0.580,0.610,0.030,0.033,0.908,3
2025-09-22 04:44,old data/2025,0.570,0.600,0.030,0.017,1.742,2
2025-09-22 04:51,old data/2025,0.570,0.600,0.030,0.017,1.800,2
2025-09-22 05:02,old data/2025,0.570,0.600,0.030,0.067,0.448,5
2025-09-22 08:58,old data/2025,0.530,0.560,0.030,0.033,0.900,3
2025-09-22 09:07,old data/2025,0.530,0.560,0.030,0.033,0.900,3
2025-09-22 09:10,old data/2025,0.540,0.650,0.110,0.067,1.650,5
2025-09-22 09:19,old data/2025,0.560,0.940,0.380,0.033,11.400,3
2025-09-22 09:25,old data/2025,0.530,1.510,0.980,0.033,29.400,3
2025-09-22 09:31,old data/2025,1.480,1.510,0.030,0.033,0.908,3
2025-09-22 09:47,old data/2025,1.470,1.500,0.030,0.034,0.893,3
2025-09-22 09:58,old data/2025,1.460,1.490,0.030,0.017,1.770,2
2025-09-22 10:00,old data/2025,1.450,1.480,0.030,0.034,0.893,3
2025-09-22 10:06,old data/2025,1.440,1.470,0.030,0.166,0.180,11
2025-09-22 10:25,old data/2025,1.430,1.460,0.030,0.017,1.800,2
2025-09-22 10:29,old data/2025,1.430,1.460,0.030,0.016,1.831,2
2025-09-22 10:48,old data/2025,1.420,1.450,0.030,0.016,1.831,2
2025-09-22 11:10,old data/2025,1.390,1.420,0.030,0.050,0.597,4
2025-09-22 11:19,old data/2025,1.390,1.420,0.030,0.033,0.908,3
2025-09-22 11:26,old data/2025,1.390,1.420,0.030,0.016,1.831,2
2025-09-22 11:35,old data/2025,1.380,1.410,0.030,0.017,1.800,2
2025-09-22 11:44,old data/2025,1.380,1.410,0.030,0.083,0.360,3
2025-09-22 11:50,old data/2025,1.380,1.410,0.030,0.017,1.800,2
2025-09-22 12:10,old data/2025,1.360,1.400,0.040,0.017,2.400,2
2025-09-22 12:14,old data/2025,1.360,1.400,0.040,0.067,0.600,5
2025-09-22 12:49,old data/2025,1.350,1.390,0.040,0.033,1.200,3
2025-09-22 12:55,old data/2025,1.350,1.390,0.040,0.017,2.400,2
2025-09-22 13:09,old data/2025,1.340,1.370,0.030,0.033,0.915,3
2025-09-22 13:25,old data/2025,1.340,1.370,0.030,0.017,1.800,2
2025-09-22 13:37,old data/2025,1.330,1.360,0.030,0.050,0.603,4
2025-09-22 13:54,old data/2025,1.330,1.360,0.030,0.033,0.900,3
2025-09-22 14:09,old data/2025,1.320,1.350,0.030,0.050,0.597,4
2025-09-22 14:26,old data/2025,1.310,1.340,0.030,0.050,0.600,4
2025-09-22 14:59,old data/2025,1.300,1.330,0.030,0.034,0.893,3
2025-09-22 15:26,old data/2025,1.290,1.320,0.030,0.050,0.597,4
2025-09-22 15:38,old data/2025,1.280,1.310,0.030,0.017,1.800,2
2025-09-22 15:42,old data/2025,1.280,1.310,0.030,0.033,0.900,3
2025-09-22 15:54,old data/2025,1.280,1.310,0.030,0.084,0.358,6
2025-09-22 16:20,old data/2025,1.270,1.300,0.030,0.017,1.800,2
2025-09-22 16:43,old data/2025,1.260,1.290,0.030,0.050,0.600,4
2025-09-22 17:04,old data/2025,1.260,1.290,0.030,0.016,1.862,2
2025-09-22 17:24,old data/2025,1.250,1.280,0.030,0.016,1.831,2
2025-09-22 18:19,old data/2025,1.230,1.260,0.030,0.016,1.831,2
2025-09-22 18:21,old data/2025,1.230,1.260,0.030,0.017,1.800,2
2025-09-22 18:50,old data/2025,1.220,1.250,0.030,0.033,0.915,3
2025-09-22 18:56,old data/2025,1.220,1.250,0.030,0.050,0.603,4
2025-09-22 20:06,old data/2025,1.190,1.220,0.030,0.017,1.800,2
2025-09-22 20:19,old data/2025,1.180,1.210,0.030,0.017,1.800,2
2025-09-22 20:27,old data/2025,1.180,1.210,0.030,0.017,1.770,2
2025-09-22 21:21,old data/2025,1.160,1.190,0.030,0.033,0.908,3
2025-09-22 21:34,old data/2025,1.150,1.180,0.030,0.017,1.800,2
2025-09-22 21:37,old data/2025,1.150,1.180,0.030,0.017,1.800,2
2025-09-22 21:59,old data/2025,1.140,1.170,0.030,0.033,0.900,3
2025-09-22 22:05,old data/2025,1.140,1.170,0.030,0.016,1.831,2
2025-09-22 22:28,old data/2025,1.130,1.160,0.030,0.017,1.770,2
2025-09-23 00:06,old data/2025,1.090,1.120,0.030,0.017,1.800,2
2025-09-23 00:11,old data/2025,1.090,1.120,0.030,0.033,0.900,3
2025-09-23 00:49,old data/2025,1.070,1.100,0.030,0.067,0.448,5
2025-09-23 00:57,old data/2025,1.070,1.100,0.030,0.034,0.893,3
2025-09-23 01:20,old data/2025,1.060,1.090,0.030,0.083,0.360,6
2025-09-23 01:45,old data/2025,1.050,1.080,0.030,0.033,0.900,3
2025-09-23 01:49,old data/2025,1.050,1.080,0.030,0.016,1.831,2
2025-09-23 01:56,old data/2025,1.040,1.070,0.030,0.050,0.597,4
2025-09-23 02:20,old data/2025,1.030,1.060,0.030,0.034,0.893,3
2025-09-23 03:04,old data/2025,1.020,1.050,0.030,0.017,1.800,2
2025-09-23 03:32,old data/2025,1.000,1.030,0.030,0.017,1.770,2
2025-09-23 03:34,old data/2025,1.000,1.030,0.030,0.050,0.600,4
2025-09-23 03:48,old data/2025,1.000,1.030,0.030,0.017,1.800,2
2025-09-23 04:45,old data/2025,0.970,1.000,0.030,0.033,0.900,3
2025-09-23 04:48,old data/2025,0.970,1.000,0.030,0.016,1.862,2
2025-09-23 05:15,old data/2025,0.960,0.990,0.030,0.033,0.900,3
2025-09-23 05:20,old data/2025,0.960,0.990,0.030,0.033,0.908,3
2025-09-23 05:54,old data/2025,0.940,0.970,0.030,0.050,0.600,4
2025-09-23 06:13,old data/2025,0.940,0.970,0.030,0.016,1.831,2
2025-09-23 06:15,old data/2025,0.940,0.970,0.030,0.067,0.450,5
2025-09-23 07:46,old data/2025,0.900,0.930,0.030,0.016,1.831,2
2025-09-23 07:50,old data/2025,0.900,0.930,0.030,0.016,1.862,2
2025-09-23 08:00,old data/2025,0.890,0.920,0.030,0.017,1.770,2
2025-09-23 08:04,old data/2025,0.890,0.920,0.030,0.050,0.600,4
2025-09-23 08:09,old data/2025,0.890,0.920,0.030,0.050,0.597,4
2025-09-23 08:59,old data/2025,0.870,0.900,0.030,0.033,0.900,3
2025-09-23 09:22,old data/2025,0.860,0.890,0.030,0.033,0.900,3
2025-09-23 09:25,old data/2025,0.860,0.890,0.030,0.017,1.770,2
2025-09-23 10:16,old data/2025,0.840,0.870,0.030,0.033,0.908,3
2025-09-23 10:50,old data/2025,0.830,0.860,0.030,0.017,1.800,2
2025-09-23 11:14,old data/2025,0.820,0.850,0.030,0.050,0.600,4
2025-09-23 13:26,old data/2025,0.770,0.800,0.030,0.017,1.800,2
2025-09-23 13:57,old data/2025,0.760,0.790,0.030,0.033,0.908,3
2025-09-23 14:19,old data/2025,0.750,0.780,0.030,0.017,1.800,2
2025-09-23 14:26,old data/2025,0.750,0.780,0.030,0.017,1.800,2
2025-09-23 15:50,old data/2025,0.720,0.750,0.030,0.033,0.900,3
2025-09-23 16:16,old data/2025,0.710,0.740,0.030,0.016,1.862,2
2025-09-23 16:20,old data/2025,0.710,0.740,0.030,0.017,1.800,2
2025-09-23 16:22,old data/2025,0.710,0.740,0.030,0.017,1.800,2
2025-09-23 16:55,old data/2025,0.700,0.730,0.030,0.034,0.893,3
2025-09-23 17:01,old data/2025,0.700,0.730,0.030,0.017,1.800,2
2025-09-23 17:15,old data/2025,0.690,0.720,0.030,0.017,1.800,2
2025-09-23 17:17,old data/2025,0.690,0.720,0.030,0.050,0.597,4
2025-09-23 19:21,old data/2025,0.650,0.680,0.030,0.017,1.800,2
2025-09-23 19:38,old data/2025,0.650,0.680,0.030,0.067,0.448,5
2025-09-23 19:49,old data/2025,0.640,0.670,0.030,0.100,0.299,7
2025-09-23 20:12,old data/2025,0.630,0.660,0.030,0.117,0.257,8
2025-09-23 20:22,old data/2025,0.630,0.660,0.030,0.017,1.800,2
2025-09-23 20:24,old data/2025,0.630,0.660,0.030,0.017,1.770,2
2025-09-23 20:46,old data/2025,0.620,0.650,0.030,0.050,0.600,4
2025-09-23 21:14,old data/2025,0.620,0.650,0.030,0.050,0.600,4
2025-09-23 21:22,old data/2025,0.610,0.640,0.030,0.067,0.450,5
2025-09-23 21:32,old data/2025,0.610,0.640,0.030,0.034,0.893,3
2025-09-23 22:17,old data/2025,0.600,0.630,0.030,0.017,1.800,2
2025-09-23 22:20,old data/2025,0.600,0.630,0.030,0.017,1.770,2
2025-09-23 22:23,old data/2025,0.600,0.630,0.030,0.017,1.800,2
2025-09-23 22:30,old data/2025,0.590,0.620,0.030,0.017,1.800,2
2025-09-23 23:08,old data/2025,0.580,0.610,0.030,0.050,0.597,4
2025-09-23 23:12,old data/2025,0.580,0.610,0.030,0.017,1.800,2
2025-09-23 23:21,old data/2025,0.580,0.610,0.030,0.033,0.900,3
2025-09-23 23:51,old data/2025,0.570,0.600,0.030,0.017,1.742,2
2025-09-23 23:54,old data/2025,0.570,0.600,0.030,0.034,0.885,3
2025-09-24 02:19,old data/2025,0.530,0.560,0.030,0.017,1.770,2
2025-09-24 02:26,old data/2025,0.530,0.560,0.030,0.017,1.770,2
2025-09-24 02:33,old data/2025,0.530,0.560,0.030,0.016,1.831,2
2025-09-24 02:51,old data/2025,0.530,0.560,0.030,0.033,0.900,3
2025-09-24 03:08,old data/2025,0.520,0.550,0.030,0.034,0.893,3
2025-09-24 03:11,old data/2025,0.520,0.550,0.030,0.034,0.893,3
2025-09-24 03:52,old data/2025,0.510,0.540,0.030,0.033,0.900,3
2025-09-24 03:56,old data/2025,0.510,0.540,0.030,0.033,0.900,3
2025-09-24 04:34,old data/2025,0.500,0.530,0.030,0.067,0.450,5
2025-09-24 04:45,old data/2025,0.500,0.530,0.030,0.033,0.900,3
2025-09-24 04:48,old data/2025,0.500,0.530,0.030,0.017,1.770,2
2025-09-24 05:22,old data/2025,0.490,0.520,0.030,0.050,0.600,4
2025-09-24 05:34,old data/2025,0.490,0.520,0.030,0.017,1.800,2
2025-09-24 05:37,old data/2025,0.490,0.520,0.030,0.016,1.831,2
2025-09-24 06:16,old data/2025,0.480,0.510,0.030,0.050,0.600,4
2025-09-24 06:22,old data/2025,0.480,0.510,0.030,0.016,1.831,2
2025-09-24 06:47,old data/2025,0.480,0.510,0.030,0.017,1.770,2
2025-09-24 07:34,old data/2025,0.470,0.500,0.030,0.017,1.800,2
2025-09-24 09:05,old data/2025,0.180,0.210,0.030,0.117,0.257,8
2025-09-24 09:15,old data/2025,0.190,0.220,0.030,0.017,1.800,2
2025-09-24 09:19,old data/2025,0.190,1.130,0.940,0.067,14.100,5
2025-09-25 12:46,old data/2025,0.210,1.530,1.320,0.150,8.800,10
2025-09-25 13:29,old data/2025,1.460,1.490,0.030,0.017,1.800,2
2025-09-25 13:37,old data/2025,1.450,1.480,0.030,0.017,1.800,2
2025-09-25 13:51,old data/2025,1.440,1.470,0.030,0.017,1.742,2
2025-09-25 14:18,old data/2025,1.420,1.450,0.030,0.050,0.600,4
2025-09-25 14:32,old data/2025,1.410,1.440,0.030,0.017,1.800,2
2025-09-25 14:40,old data/2025,1.400,1.430,0.030,0.034,0.893,3
2025-09-25 14:43,old data/2025,1.400,1.430,0.030,0.033,0.908,3
2025-09-25 16:44,old data/2025,1.340,1.370,0.030,0.017,1.800,2
2025-09-25 19:17,old data/2025,1.270,1.300,0.030,0.017,1.770,2
2025-09-25 19:40,old data/2025,1.260,1.290,0.030,0.067,0.450,5
2025-09-25 21:23,old data/2025,1.220,1.250,0.030,0.033,0.900,3
2025-09-25 22:06,old data/2025,1.200,1.230,0.030,0.033,0.900,3
2025-09-25 22:53,old data/2025,1.180,1.210,0.030,0.100,0.300,7
2025-09-25 23:15,old data/2025,1.170,1.200,0.030,0.017,1.800,2
2025-09-25 23:44,old data/2025,1.160,1.190,0.030,0.033,0.900,3
2025-09-25 23:53,old data/2025,1.150,1.180,0.030,0.050,0.600,4
2025-09-25 23:59,old data/2025,1.150,1.180,0.030,0.017,1.800,2
2025-09-26 02:09,old data/2025,1.090,1.120,0.030,0.017,1.800,2
2025-09-26 02:51,old data/2025,1.070,1.100,0.030,0.016,1.831,2
2025-09-26 03:10,old data/2025,1.060,1.090,0.030,0.033,0.900,3
2025-09-26 03:42,old data/2025,1.050,1.080,0.030,0.017,1.800,2
2025-09-26 03:52,old data/2025,1.040,1.070,0.030,0.100,0.299,7
2025-09-26 05:08,old data/2025,1.010,1.040,0.030,0.017,1.800,2
2025-09-26 06:30,old data/2025,0.970,1.000,0.030,0.017,1.800,2
2025-09-26 07:38,old data/2025,0.940,0.970,0.030,0.017,1.800,2
2025-09-26 08:57,old data/2025,0.900,0.930,0.030,0.100,0.300,7
2025-09-26 09:06,old data/2025,0.900,0.930,0.030,0.034,0.893,3
2025-09-26 09:19,old data/2025,0.890,0.920,0.030,0.050,0.600,4
2025-09-26 09:28,old data/2025,0.890,0.920,0.030,0.050,0.600,4
2025-09-26 10:23,old data/2025,0.860,0.890,0.030,0.017,1.800,2
2025-09-26 10:50,old data/2025,0.850,0.880,0.030,0.017,1.770,2
2025-09-26 11:34,old data/2025,0.830,0.860,0.030,0.017,1.770,2
2025-09-26 11:40,old data/2025,0.830,0.860,0.030,0.050,0.600,4
2025-09-26 13:56,old data/2025,0.770,0.800,0.030,0.016,1.831,2
2025-09-26 14:13,old data/2025,0.760,0.790,0.030,0.033,0.900,3
2025-09-26 15:22,old data/2025,0.730,0.760,0.030,0.016,1.831,2
2025-09-26 15:51,old data/2025,0.720,0.750,0.030,0.017,1.770,2
2025-09-26 17:08,old data/2025,0.690,0.720,0.030,0.017,1.800,2
2025-09-26 17:10,old data/2025,0.690,0.720,0.030,0.017,1.800,2
2025-09-26 17:33,old data/2025,0.300,1.510,1.210,0.033,36.300,3
2025-09-26 18:53,old data/2025,1.420,1.450,0.030,0.050,0.600,4
2025-09-26 18:59,old data/2025,1.420,1.450,0.030,0.033,0.900,3
2025-09-26 20:01,old data/2025,1.380,1.410,0.030,0.017,1.800,2
2025-09-26 21:45,old data/2025,1.330,1.360,0.030,0.017,1.800,2
2025-09-26 22:25,old data/2025,1.310,1.340,0.030,0.100,0.300,7
2025-09-26 22:46,old data/2025,1.300,1.330,0.030,0.033,0.900,3
2025-09-26 22:52,old data/2025,1.300,1.330,0.030,0.050,0.600,4
2025-09-26 23:08,old data/2025,1.290,1.320,0.030,0.017,1.800,2
2025-09-26 23:13,old data/2025,1.290,1.320,0.030,0.016,1.831,2
2025-09-26 23:15,old data/2025,1.290,1.320,0.030,0.033,0.900,3
2025-09-26 23:25,old data/2025,1.290,1.320,0.030,0.016,1.831,2
2025-09-26 23:44,old data/2025,1.280,1.310,0.030,0.016,1.831,2
2025-09-27 00:53,old data/2025,1.250,1.280,0.030,0.017,1.770,2
2025-09-27 01:43,old data/2025,1.230,1.260,0.030,0.033,0.915,3
2025-09-27 02:48,old data/2025,1.200,1.230,0.030,0.050,0.597,4
2025-09-27 03:48,old data/2025,1.170,1.200,0.030,0.050,0.600,4
2025-09-27 05:29,old data/2025,1.130,1.160,0.030,0.034,0.893,3
2025-09-27 07:34,old data/2025,1.070,1.100,0.030,0.067,0.450,5
2025-09-27 08:02,old data/2025,1.060,1.090,0.030,0.017,1.800,2
2025-09-27 08:46,old data/2025,1.040,1.070,0.030,0.066,0.452,5
2025-09-27 09:05,old data/2025,1.030,1.060,0.030,0.016,1.831,2
2025-09-27 10:29,old data/2025,0.990,1.020,0.030,0.017,1.770,2
2025-09-27 11:39,old data/2025,0.960,0.990,0.030,0.033,0.900,3
2025-09-27 13:59,old data/2025,0.900,0.930,0.030,0.016,1.831,2
2025-09-27 14:01,old data/2025,0.900,0.930,0.030,0.017,1.800,2
2025-09-27 14:32,old data/2025,0.890,0.920,0.030,0.050,0.597,4
2025-09-27 15:17,old data/2025,0.860,0.890,0.030,0.033,0.900,3
2025-09-27 16:07,old data/2025,0.840,0.870,0.030,0.033,0.900,3
2025-09-27 17:31,old data/2025,0.810,1.480,0.670,0.034,19.934,3
2025-09-27 20:53,old data/2025,1.330,1.360,0.030,0.033,0.900,3
2025-09-27 22:10,old data/2025,1.290,1.320,0.030,0.017,1.800,2
2025-09-27 22:24,old data/2025,1.280,1.310,0.030,0.017,1.770,2
2025-09-27 22:27,old data/2025,1.280,1.310,0.030,0.134,0.225,9
2025-09-27 22:38,old data/2025,1.280,1.310,0.030,0.017,1.800,2
2025-09-28 00:21,old data/2025,1.220,1.250,0.030,0.034,0.893,3
2025-09-28 00:56,old data/2025,1.210,1.240,0.030,0.017,1.770,2
2025-09-28 02:29,old data/2025,1.160,1.190,0.030,0.017,1.800,2
2025-09-28 02:52,old data/2025,1.150,1.180,0.030,0.050,0.600,4
2025-09-28 03:15,old data/2025,1.140,1.170,0.030,0.017,1.800,2
2025-09-28 03:17,old data/2025,1.140,1.170,0.030,0.033,0.900,3
2025-09-28 05:22,old data/2025,1.080,1.110,0.030,0.017,1.800,2
2025-09-28 06:04,old data/2025,1.060,1.090,0.030,0.050,0.600,4
2025-09-28 07:06,old data/2025,1.030,1.060,0.030,0.017,1.800,2
2025-09-28 07:43,old data/2025,1.010,1.040,0.030,0.033,0.900,3
2025-09-28 08:30,old data/2025,0.990,1.020,0.030,0.034,0.893,3
2025-09-28 09:09,old data/2025,0.970,1.000,0.030,0.017,1.800,2
2025-09-28 09:31,old data/2025,0.960,0.990,0.030,0.017,1.800,2
2025-09-28 09:57,old data/2025,0.950,0.980,0.030,0.017,1.800,2
2025-09-28 09:59,old data/2025,0.950,0.980,0.030,0.033,0.900,3
2025-09-28 11:42,old data/2025,0.900,0.930,0.030,0.083,0.360,6
2025-09-28 12:01,old data/2025,0.890,0.920,0.030,0.051,0.593,4
2025-09-28 12:28,old data/2025,0.880,0.910,0.030,0.017,1.742,2
2025-09-28 12:59,old data/2025,0.870,0.900,0.030,0.067,0.450,5
2025-09-28 14:24,old data/2025,0.830,0.860,0.030,0.033,0.900,3
2025-09-28 15:24,old data/2025,0.820,1.470,0.650,0.050,13.000,4
2025-09-28 16:27,old data/2025,1.410,1.440,0.030,0.017,1.800,2
2025-09-28 16:41,old data/2025,1.400,1.430,0.030,0.017,1.800,2
2025-09-28 18:29,old data/2025,1.340,1.370,0.030,0.017,1.770,2
2025-09-28 19:15,old data/2025,1.320,1.350,0.030,0.033,0.900,3
2025-09-28 19:45,old data/2025,1.300,1.330,0.030,0.067,0.450,5
2025-09-28 20:16,old data/2025,1.290,1.320,0.030,0.050,0.597,4
2025-09-28 20:39,old data/2025,1.280,1.310,0.030,0.017,1.770,2
2025-09-28 23:10,old data/2025,1.200,1.230,0.030,0.017,1.770,2
2025-09-28 23:17,old data/2025,1.200,1.230,0.030,0.034,0.893,3
2025-09-28 23:33,old data/2025,1.190,1.220,0.030,0.050,0.603,4
2025-09-29 01:00,old data/2025,1.150,1.180,0.030,0.034,0.893,3
2025-09-29 04:08,old data/2025,1.060,1.090,0.030,0.034,0.893,3
2025-09-29 04:21,old data/2025,1.060,1.090,0.030,0.017,1.800,2
2025-09-29 05:21,old data/2025,1.030,1.060,0.030,0.016,1.831,2
2025-09-29 05:42,old data/2025,1.020,1.050,0.030,0.033,0.900,3
2025-09-29 07:52,old data/2025,0.960,0.990,0.030,0.117,0.257,8
2025-09-29 08:08,old data/2025,0.960,0.990,0.030,0.017,1.800,2
2025-09-29 08:42,old data/2025,0.940,0.970,0.030,0.017,1.800,2
2025-09-29 08:47,old data/2025,0.940,0.970,0.030,0.034,0.893,3
2025-09-29 10:13,old data/2025,0.900,0.930,0.030,0.017,1.770,2
2025-09-29 10:17,old data/2025,0.900,0.930,0.030,0.017,1.770,2
2025-09-29 11:46,old data/2025,0.860,0.890,0.030,0.050,0.600,4
2025-09-29 12:03,old data/2025,0.850,0.880,0.030,0.017,1.770,2
2025-09-29 12:17,old data/2025,0.850,0.880,0.030,0.017,1.770,2
2025-09-29 14:01,old data/2025,0.810,1.470,0.660,0.033,19.800,3
2025-09-29 14:24,old data/2025,1.440,1.470,0.030,0.034,0.893,3
2025-09-29 14:42,old data/2025,1.430,1.460,0.030,0.017,1.800,2
2025-09-29 16:00,old data/2025,1.390,1.420,0.030,0.017,1.800,2
2025-09-29 17:52,old data/2025,1.330,1.360,0.030,0.033,0.900,3
2025-09-29 19:39,old data/2025,1.280,1.310,0.030,0.034,0.893,3
2025-09-29 20:44,old data/2025,1.250,1.280,0.030,0.083,0.360,6
2025-09-29 22:27,old data/2025,1.200,1.230,0.030,0.016,1.831,2
2025-09-29 22:48,old data/2025,1.190,1.220,0.030,0.017,1.800,2
2025-09-29 23:56,old data/2025,1.160,1.190,0.030,0.017,1.800,2
2025-09-30 03:59,old data/2025,1.050,1.080,0.030,0.017,1.800,2
2025-09-30 05:41,old data/2025,1.010,1.040,0.030,0.033,0.908,3
2025-09-30 05:55,old data/2025,1.000,1.030,0.030,0.067,0.448,5
2025-09-30 08:00,old data/2025,0.950,0.980,0.030,0.017,1.800,2
2025-09-30 08:19,old data/2025,0.940,0.970,0.030,0.033,0.908,3
2025-09-30 09:43,old data/2025,0.900,0.930,0.030,0.050,0.597,4
2025-09-30 09:58,old data/2025,0.900,0.930,0.030,0.050,0.600,4
2025-09-30 10:17,old data/2025,0.890,0.920,0.030,0.033,0.900,3
2025-09-30 10:20,old data/2025,0.890,0.920,0.030,0.017,1.742,2
2025-09-30 11:09,old data/2025,0.870,0.900,0.030,0.033,0.908,3
2025-09-30 16:56,old data/2025,0.740,0.770,0.030,0.017,1.800,2
2025-09-30 17:32,old data/2025,0.730,0.760,0.030,0.017,1.800,2
2025-09-30 18:02,old data/2025,0.720,0.750,0.030,0.016,1.862,2
2025-09-30 18:47,old data/2025,0.710,1.170,0.460,0.067,6.900,5
2025-09-30 21:04,old data/2025,1.090,1.120,0.030,0.034,0.893,3
2025-09-30 22:48,old data/2025,1.050,1.080,0.030,0.017,1.800,2
2025-10-01 01:30,old data/2025,0.980,1.010,0.030,0.067,0.450,5
2025-10-01 08:28,old data/2025,0.820,0.850,0.030,0.033,0.900,3
2025-10-01 11:35,old data/2025,0.760,0.790,0.030,0.017,1.800,2
2025-10-01 12:50,old data/2025,0.740,0.770,0.030,0.016,1.831,2
2025-10-01 14:20,old data/2025,0.720,0.750,0.030,0.067,0.450,5
2025-10-01 15:34,old data/2025,0.710,0.740,0.030,0.033,0.900,3
2025-10-01 15:57,old data/2025,0.710,1.180,0.470,0.100,4.700,7
2025-10-01 16:39,old data/2025,1.130,1.160,0.030,0.033,0.900,3
2025-10-01 18:45,old data/2025,1.070,1.100,0.030,0.033,0.900,3
2025-10-01 19:01,old data/2025,1.070,1.100,0.030,0.033,0.900,3
2025-10-01 20:26,old data/2025,1.030,1.060,0.030,0.083,0.360,6
2025-10-01 23:02,old data/2025,0.970,1.000,0.030,0.016,1.831,2
2025-10-01 23:47,old data/2025,0.950,0.980,0.030,0.033,0.900,3
2025-10-02 01:58,old data/2025,0.900,0.930,0.030,0.034,0.893,3
2025-10-02 02:02,old data/2025,0.900,0.930,0.030,0.017,1.770,2
2025-10-02 02:07,old data/2025,0.900,0.930,0.030,0.017,1.800,2
2025-10-02 02:21,old data/2025,0.890,0.920,0.030,0.033,0.908,3
2025-10-02 02:33,old data/2025,0.890,0.920,0.030,0.017,1.800,2
2025-10-02 02:49,old data/2025,0.880,0.910,0.030,0.067,0.450,5
2025-10-02 04:27,old data/2025,0.850,0.880,0.030,0.033,0.900,3
2025-10-02 08:57,old data/2025,0.780,0.810,0.030,0.033,0.900,3
2025-10-02 09:38,old data/2025,0.770,0.800,0.030,0.133,0.225,9
2025-10-02 09:55,old data/2025,0.770,0.800,0.030,0.033,0.900,3
2025-10-02 10:48,old data/2025,0.760,0.790,0.030,0.050,0.597,4
2025-10-02 11:16,old data/2025,0.760,0.790,0.030,0.050,0.600,4
2025-10-02 11:24,old data/2025,0.760,0.790,0.030,0.034,0.893,3
2025-10-02 12:51,old data/2025,0.760,0.790,0.030,0.034,0.893,3
2025-10-02 13:11,old data/2025,0.760,0.790,0.030,0.050,0.600,4
2025-10-02 13:17,old data/2025,0.760,0.790,0.030,0.017,1.800,2
2025-10-02 13:27,old data/2025,0.760,0.790,0.030,0.016,1.831,2
2025-10-02 13:45,old data/2025,0.760,0.790,0.030,0.017,1.800,2
2025-10-02 13:50,old data/2025,0.760,0.790,0.030,0.017,1.800,2
2025-10-02 14:36,old data/2025,0.760,0.790,0.030,0.017,1.800,2
2025-10-02 15:00,old data/2025,0.760,0.790,0.030,0.033,0.900,3
2025-10-02 15:26,old data/2025,0.760,0.790,0.030,0.016,1.831,2
2025-10-02 15:31,old data/2025,0.760,0.790,0.030,0.016,1.831,2
2025-10-02 15:56,old data/2025,0.760,0.790,0.030,0.033,0.900,3
2025-10-02 16:04,old data/2025,0.760,0.790,0.030,0.016,1.862,2
2025-10-02 16:06,old data/2025,0.760,0.790,0.030,0.033,0.915,3
2025-10-02 16:26,old data/2025,0.760,0.790,0.030,0.033,0.915,3
2025-10-02 16:43,old data/2025,0.760,0.790,0.030,0.050,0.600,4
2025-10-02 17:22,old data/2025,0.760,0.790,0.030,0.033,0.900,3
2025-10-02 18:09,old data/2025,0.760,0.790,0.030,0.050,0.600,4
2025-10-02 18:21,old data/2025,0.760,0.790,0.030,0.033,0.908,3
2025-10-02 18:34,old data/2025,0.760,0.790,0.030,0.033,0.908,3
2025-10-02 18:39,old data/2025,0.760,0.790,0.030,0.033,0.908,3
2025-10-02 19:04,old data/2025,0.760,0.790,0.030,0.016,1.831,2
2025-10-02 19:25,old data/2025,0.760,0.790,0.030,0.034,0.885,3
2025-10-02 19:38,old data/2025,0.760,0.790,0.030,0.033,0.900,3
2025-10-02 19:42,old data/2025,0.760,0.790,0.030,0.017,1.770,2
2025-10-02 19:48,old data/2025,0.760,0.790,0.030,0.017,1.800,2
2025-10-02 20:00,old data/2025,0.760,0.790,0.030,0.033,0.900,3
2025-10-02 20:14,old data/2025,0.760,0.790,0.030,0.050,0.600,4
2025-10-02 20:25,old data/2025,0.760,0.790,0.030,0.017,1.770,2
2025-10-02 20:34,old data/2025,0.760,0.790,0.030,0.067,0.450,5
2025-10-02 21:15,old data/2025,0.760,0.790,0.030,0.034,0.893,3
2025-10-02 21:54,old data/2025,0.760,0.790,0.030,0.084,0.359,6
2025-10-02 22:42,old data/2025,0.760,0.790,0.030,0.033,0.908,3
2025-10-02 22:54,old data/2025,0.760,0.790,0.030,0.017,1.770,2
2025-10-02 22:57,old data/2025,0.760,0.790,0.030,0.067,0.450,5
2025-10-02 23:14,old data/2025,0.760,0.790,0.030,0.034,0.893,3
2025-10-02 23:17,old data/2025,0.760,0.790,0.030,0.017,1.742,2
2025-10-03 00:00,old data/2025,0.760,0.790,0.030,0.017,1.800,2
2025-10-03 01:00,old data/2025,0.760,0.790,0.030,0.050,0.600,4
2025-10-03 03:26,old data/2025,0.750,0.780,0.030,0.067,0.450,5
2025-10-03 04:11,old data/2025,0.750,0.780,0.030,0.083,0.360,6
2025-10-03 04:39,old data/2025,0.750,0.780,0.030,0.017,1.770,2
2025-10-03 05:11,old data/2025,0.750,0.780,0.030,0.083,0.360,6
2025-10-03 05:20,old data/2025,0.750,0.780,0.030,0.033,0.900,3
2025-10-03 05:26,old data/2025,0.750,0.780,0.030,0.034,0.893,3
2025-10-03 05:29,old data/2025,0.750,0.780,0.030,0.016,1.831,2
2025-10-03 05:31,old data/2025,0.750,0.780,0.030,0.017,1.800,2
2025-10-03 05:37,old data/2025,0.750,0.780,0.030,0.050,0.603,4
2025-10-03 06:00,old data/2025,0.750,0.780,0.030,0.117,0.257,8
2025-10-03 06:23,old data/2025,0.750,0.780,0.030,0.017,1.770,2
2025-10-03 06:34,old data/2025,0.750,0.780,0.030,0.016,1.831,2
2025-10-03 07:20,old data/2025,0.750,0.780,0.030,0.017,1.800,2
2025-10-03 07:51,old data/2025,0.740,0.770,0.030,0.117,0.257,8
2025-10-03 08:12,old data/2025,0.740,0.770,0.030,0.067,0.450,5
2025-10-03 08:18,old data/2025,0.740,0.770,0.030,0.117,0.257,8
2025-10-03 08:36,old data/2025,0.740,0.770,0.030,0.033,0.900,3
2025-10-03 08:49,old data/2025,0.740,0.770,0.030,0.050,0.600,4
2025-10-03 09:04,old data/2025,0.740,0.770,0.030,0.033,0.908,3
2025-10-03 09:12,old data/2025,0.740,0.770,0.030,0.017,1.800,2
2025-10-03 09:47,old data/2025,0.740,0.770,0.030,0.051,0.593,4
2025-10-03 10:02,old data/2025,0.740,0.770,0.030,0.017,1.800,2
2025-10-03 10:30,old data/2025,0.740,0.770,0.030,0.017,1.770,2
2025-10-03 11:18,old data/2025,0.740,0.770,0.030,0.017,1.800,2
2025-10-03 12:54,old data/2025,0.740,0.770,0.030,0.033,0.900,3
2025-10-03 13:04,old data/2025,0.740,0.770,0.030,0.083,0.360,6
2025-10-03 13:28,old data/2025,0.740,0.770,0.030,0.034,0.893,3
2025-10-03 13:40,old data/2025,0.740,0.770,0.030,0.033,0.900,3
2025-10-03 14:26,old data/2025,0.740,0.770,0.030,0.017,1.800,2
2025-10-03 16:10,old data/2025,0.730,0.760,0.030,0.017,1.800,2
2025-10-03 17:50,old data/2025,0.720,0.750,0.030,0.016,1.831,2
2025-10-03 20:10,old data/2025,0.730,0.760,0.030,0.050,0.600,4
2025-10-03 20:29,old data/2025,0.730,0.760,0.030,0.050,0.600,4
2025-10-03 21:17,old data/2025,0.730,0.760,0.030,0.049,0.607,4
2025-10-03 23:41,old data/2025,0.730,0.760,0.030,0.016,1.831,2
2025-10-03 23:44,old data/2025,0.730,0.760,0.030,0.033,0.908,3
2025-10-04 03:56,old data/2025,0.720,0.750,0.030,0.117,0.257,8
2025-10-04 05:07,old data/2025,0.720,0.750,0.030,0.017,1.800,2
2025-10-04 05:16,old data/2025,0.720,0.750,0.030,0.017,1.800,2
2025-10-04 05:19,old data/2025,0.720,0.750,0.030,0.033,0.908,3
2025-10-04 05:36,old data/2025,0.720,0.750,0.030,0.034,0.893,3
2025-10-04 06:34,old data/2025,0.720,0.750,0.030,0.050,0.600,4
2025-10-04 07:33,old data/2025,0.720,0.750,0.030,0.034,0.885,3
2025-10-04 09:05,old data/2025,0.720,0.750,0.030,0.033,0.900,3
2025-10-04 09:43,old data/2025,0.710,0.740,0.030,0.033,0.915,3
2025-10-04 10:05,old data/2025,0.720,0.750,0.030,0.017,1.800,2
2025-10-04 14:17,old data/2025,0.710,0.740,0.030,0.034,0.893,3
2025-10-04 14:52,old data/2025,0.380,1.190,0.810,0.033,24.504,3
2025-10-04 17:35,old data/2025,1.080,1.110,0.030,0.033,0.900,3
2025-10-04 18:01,old data/2025,1.070,1.100,0.030,0.017,1.770,2
2025-10-04 19:18,old data/2025,1.040,1.070,0.030,0.017,1.800,2
2025-10-04 19:50,old data/2025,1.030,1.060,0.030,0.017,1.742,2
2025-10-05 01:29,old data/2025,0.900,0.930,0.030,0.033,0.908,3
2025-10-05 01:51,old data/2025,0.890,0.920,0.030,0.050,0.600,4
2025-10-05 03:09,old data/2025,0.860,0.890,0.030,0.034,0.885,3
2025-10-05 03:50,old data/2025,0.840,0.870,0.030,0.033,0.900,3
2025-10-05 03:56,old data/2025,0.840,0.870,0.030,0.017,1.742,2
2025-10-05 04:21,old data/2025,0.830,0.860,0.030,0.099,0.302,7
2025-10-05 06:20,old data/2025,0.780,0.810,0.030,0.033,0.900,3
2025-10-05 07:35,old data/2025,0.750,0.780,0.030,0.050,0.603,4
2025-10-05 09:26,old data/2025,0.710,1.170,0.460,0.100,4.600,7
2025-10-05 10:20,old data/2025,1.130,1.160,0.030,0.033,0.900,3
2025-10-05 13:50,old data/2025,1.030,1.060,0.030,0.016,1.831,2
2025-10-06 02:35,old data/2025,0.710,1.180,0.470,0.034,13.983,3
2025-10-06 04:47,old data/2025,1.090,1.120,0.030,0.017,1.800,2
2025-10-06 05:08,old data/2025,1.080,1.110,0.030,0.033,0.900,3
2025-10-06 07:06,old data/2025,1.030,1.060,0.030,0.050,0.600,4
2025-10-06 09:35,old data/2025,0.970,1.000,0.030,0.016,1.831,2
2025-10-06 20:39,old data/2025,0.710,1.180,0.470,0.033,14.100,3
2025-10-07 04:44,old data/2025,0.940,0.970,0.030,0.033,0.908,3
2025-10-07 06:24,old data/2025,0.900,0.930,0.030,0.017,1.742,2
2025-10-07 06:46,old data/2025,0.890,0.920,0.030,0.084,0.359,6
2025-10-07 07:01,old data/2025,0.890,0.920,0.030,0.017,1.800,2
2025-10-07 07:59,old data/2025,0.860,0.890,0.030,0.034,0.893,3
2025-10-09 12:08,old data/2025,1.040,1.070,0.030,0.017,1.770,2
2025-10-09 12:36,old data/2025,1.030,1.060,0.030,0.017,1.800,2
2025-10-09 13:26,old data/2025,1.010,1.040,0.030,0.033,0.900,3
2025-10-09 17:24,old data/2025,0.920,1.190,0.270,0.033,8.100,3
2025-10-09 21:39,old data/2025,1.040,1.070,0.030,0.050,0.600,4
2025-10-10 01:42,old data/2025,0.940,0.970,0.030,0.051,0.593,4
2025-10-10 03:12,old data/2025,0.900,0.930,0.030,0.016,1.831,2
2025-10-10 03:44,old data/2025,0.890,0.920,0.030,0.017,1.770,2
2025-10-10 04:24,old data/2025,0.870,0.900,0.030,0.033,0.900,3
2025-10-10 05:39,old data/2025,0.840,0.870,0.030,0.034,0.893,3
2025-10-10 10:28,old data/2025,0.730,0.760,0.030,0.033,0.900,3
2025-10-10 11:24,old data/2025,0.710,1.180,0.470,0.050,9.348,4
2025-10-10 17:19,old data/2025,0.990,1.020,0.030,0.017,1.800,2
2025-10-10 21:11,old data/2025,0.890,0.920,0.030,0.017,1.800,2
2025-10-10 21:23,old data/2025,0.880,0.910,0.030,0.017,1.800,2
2025-10-10 23:46,old data/2025,0.820,0.850,0.030,0.016,1.831,2
2025-10-11 03:37,old data/2025,0.730,0.760,0.030,0.017,1.770,2
2025-10-11 04:31,old data/2025,0.710,0.740,0.030,0.017,1.770,2
2025-10-11 04:43,old data/2025,0.710,1.190,0.480,0.034,14.281,3
2025-10-11 04:55,old data/2025,1.150,1.180,0.030,0.033,0.900,3
2025-10-11 07:32,old data/2025,1.070,1.100,0.030,0.116,0.258,8
2025-10-11 10:24,old data/2025,0.990,1.020,0.030,0.033,0.900,3
2025-10-11 13:46,old data/2025,0.900,0.930,0.030,0.017,1.770,2
2025-10-11 14:01,old data/2025,0.900,0.930,0.030,0.017,1.800,2
2025-10-11 14:24,old data/2025,0.890,0.920,0.030,0.016,1.831,2
2025-10-11 16:36,old data/2025,0.840,0.870,0.030,0.016,1.862,2
2025-10-11 20:30,old data/2025,0.750,0.780,0.030,0.017,1.742,2
2025-10-11 22:20,old data/2025,0.710,1.180,0.470,0.134,3.518,9
2025-10-11 22:56,old data/2025,1.140,1.170,0.030,0.017,1.800,2
2025-10-12 02:08,old data/2025,1.050,1.080,0.030,0.017,1.800,2
2025-10-12 04:39,old data/2025,0.980,1.010,0.030,0.016,1.831,2
2025-10-12 07:46,old data/2025,0.900,0.930,0.030,0.017,1.800,2
2025-10-12 08:58,old data/2025,0.870,0.900,0.030,0.017,1.770,2
2025-10-12 09:49,old data/2025,0.850,0.880,0.030,0.034,0.893,3
2025-10-12 10:18,old data/2025,0.840,0.870,0.030,0.017,1.800,2
2025-10-12 10:20,old data/2025,0.840,0.870,0.030,0.067,0.450,5
2025-10-12 13:35,old data/2025,0.770,0.800,0.030,0.017,1.800,2
2025-10-12 16:27,old data/2025,0.710,1.190,0.480,0.033,14.521,3
2025-10-12 22:03,old data/2025,1.000,1.030,0.030,0.050,0.603,4
2025-10-13 02:11,old data/2025,0.900,0.930,0.030,0.017,1.800,2
2025-10-13 02:45,old data/2025,0.890,0.920,0.030,0.017,1.770,2
2025-10-13 07:22,old data/2025,0.780,0.810,0.030,0.033,0.900,3
2025-10-13 08:01,old data/2025,0.770,0.800,0.030,0.016,1.831,2
2025-10-13 08:49,old data/2025,0.750,0.780,0.030,0.017,1.800,2
2025-10-13 09:25,old data/2025,0.740,0.770,0.030,0.017,1.770,2
2025-10-13 10:47,old data/2025,0.710,1.180,0.470,0.067,7.050,5
2025-10-13 11:38,old data/2025,0.520,0.550,0.030,0.017,1.770,2
2025-10-13 11:40,old data/2025,0.460,0.980,0.520,0.033,15.731,3
2025-10-13 12:15,old data/2025,0.900,0.930,0.030,0.017,1.800,2
2025-10-13 12:27,old data/2025,0.890,0.920,0.030,0.034,0.885,3
2025-10-13 18:55,old data/2025,0.500,0.530,0.030,0.017,1.770,2
2025-10-13 22:09,old data/2025,0.360,0.390,0.030,0.034,0.893,3
2025-10-13 22:13,old data/2025,0.360,0.390,0.030,0.017,1.800,2
2025-10-14 03:33,old data/2025,0.180,0.210,0.030,0.017,1.770,2
2025-10-14 04:32,old data/2025,0.150,0.180,0.030,0.034,0.893,3
2025-10-14 05:21,old data/2025,0.130,0.160,0.030,0.017,1.800,2
2025-10-14 06:04,old data/2025,0.110,0.140,0.030,0.016,1.831,2
2025-10-14 06:57,old data/2025,0.090,0.120,0.030,0.050,0.600,4
2025-10-14 08:28,old data/2025,0.070,0.100,0.030,0.016,1.831,2
2025-10-14 09:00,old data/2025,0.010,1.040,1.030,0.050,20.486,4
2025-10-14 09:21,old data/2025,0.820,0.850,0.030,0.050,0.597,4
2025-10-14 11:14,old data/2025,0.720,1.140,0.420,0.050,8.400,4
2025-10-14 13:24,old data/2025,0.940,0.970,0.030,0.017,1.770,2
2025-10-14 15:06,old data/2025,0.840,0.870,0.030,0.017,1.770,2
2025-10-14 17:11,old data/2025,0.720,1.170,0.450,0.017,27.000,2
2025-10-14 18:22,old data/2025,1.000,1.030,0.030,0.017,1.742,2
2025-10-14 20:49,old data/2025,0.850,0.880,0.030,0.033,0.900,3
2025-10-14 23:12,old data/2025,0.720,1.140,0.420,0.033,12.600,3
2025-10-15 04:40,old data/2025,0.740,0.770,0.030,0.017,1.800,2
2025-10-15 08:50,old data/2025,0.540,1.180,0.640,0.084,7.654,6
2025-10-15 11:43,old data/2025,0.900,0.930,0.030,0.017,1.800,2
2025-10-15 11:46,old data/2025,0.900,0.930,0.030,0.034,0.893,3
2025-10-15 11:49,old data/2025,0.900,0.930,0.030,0.067,0.450,5
2025-10-15 11:55,old data/2025,0.890,0.920,0.030,0.033,0.900,3
2025-10-15 15:13,old data/2025,0.710,1.150,0.440,0.034,13.091,3
2025-10-15 15:46,old data/2025,1.070,1.100,0.030,0.016,1.831,2
2025-10-15 18:38,old data/2025,0.880,0.910,0.030,0.017,1.800,2
2025-10-15 20:38,old data/2025,0.770,0.800,0.030,0.033,0.900,3
2025-10-15 22:10,old data/2025,0.720,1.180,0.460,0.033,13.916,3
2025-10-15 23:23,old data/2025,1.010,1.040,0.030,0.100,0.301,7
2025-10-16 05:16,old data/2025,0.710,1.160,0.450,0.033,13.500,3
2025-10-16 06:39,old data/2025,1.020,1.050,0.030,0.033,0.900,3
2025-10-16 08:46,old data/2025,0.900,0.930,0.030,0.050,0.597,4
2025-10-16 10:08,old data/2025,0.840,0.870,0.030,0.017,1.800,2
2025-10-16 11:54,old data/2025,0.470,0.840,0.370,0.016,22.576,2
2025-10-16 11:56,old data/2025,0.750,0.910,0.160,0.050,3.182,4
2025-10-16 14:26,old data/2025,0.720,1.180,0.460,0.033,13.800,3
2025-10-16 19:17,old data/2025,0.740,0.770,0.030,0.017,1.770,2
2025-10-16 19:35,old data/2025,0.730,0.760,0.030,0.034,0.893,3
2025-10-16 19:59,old data/2025,0.710,1.150,0.440,0.034,13.091,3
2025-10-16 20:32,old data/2025,1.060,1.090,0.030,0.017,1.800,2
2025-10-17 01:58,old data/2025,0.710,1.170,0.460,0.017,27.148,2
2025-10-17 04:50,old data/2025,0.900,0.930,0.030,0.050,0.600,4
2025-10-17 08:00,old data/2025,0.720,1.160,0.440,0.050,8.800,4
2025-10-17 14:04,old data/2025,0.710,1.140,0.430,0.050,8.600,4
2025-10-17 14:27,old data/2025,1.080,1.110,0.030,0.016,1.831,2
2025-10-17 20:51,old data/2025,0.710,1.180,0.470,0.050,9.400,4
2025-10-18 00:09,old data/2025,0.880,0.910,0.030,0.150,0.200,10
2025-10-18 04:01,old data/2025,0.710,1.160,0.450,0.050,9.000,4
2025-10-18 07:24,old data/2025,0.900,0.930,0.030,0.017,1.770,2
2025-10-18 07:44,old data/2025,0.890,0.920,0.030,0.033,0.900,3
2025-10-18 12:01,old data/2025,0.710,1.160,0.450,0.034,13.388,3
2025-10-18 20:23,old data/2025,0.720,0.750,0.030,0.033,0.900,3
2025-10-18 20:51,old data/2025,0.710,0.740,0.030,0.017,1.800,2
2025-10-18 20:58,old data/2025,0.710,1.160,0.450,0.034,13.388,3
2025-10-19 02:10,old data/2025,0.830,0.860,0.030,0.100,0.300,7
2025-10-19 05:27,old data/2025,0.740,0.770,0.030,0.033,0.900,3
2025-10-19 07:08,old data/2025,0.720,1.160,0.440,0.033,13.200,3
2025-10-19 07:23,old data/2025,1.130,1.160,0.030,0.017,1.770,2
2025-10-19 17:46,old data/2025,0.740,0.770,0.030,0.050,0.600,4
2025-10-19 21:58,old data/2025,0.720,1.140,0.420,0.033,12.600,3
2025-10-20 02:28,old data/2025,0.880,0.910,0.030,0.066,0.452,5
2025-10-20 03:45,old data/2025,0.840,0.870,0.030,0.050,0.600,4
2025-10-20 06:29,old data/2025,0.780,0.810,0.030,0.017,1.800,2
2025-10-20 07:55,old data/2025,0.760,0.790,0.030,0.033,0.900,3
2025-10-20 09:13,old data/2025,0.750,0.780,0.030,0.050,0.600,4
2025-10-20 12:40,old data/2025,0.470,0.500,0.030,0.067,0.450,5
2025-10-20 12:47,old data/2025,0.490,0.840,0.350,0.017,21.000,2
2025-10-20 16:56,old data/2025,0.580,0.990,0.410,0.084,4.904,6
2025-10-20 23:31,old data/2025,0.730,0.760,0.030,0.017,1.742,2
2025-10-21 02:36,old data/2025,0.640,0.670,0.030,0.033,0.908,3
2025-10-21 07:40,old data/2025,0.510,0.540,0.030,0.017,1.742,2
2025-10-21 12:24,old data/2025,0.450,0.970,0.520,0.067,7.768,5
2025-10-21 15:46,old data/2025,0.430,0.460,0.030,0.050,0.603,4
2025-10-21 16:38,old data/2025,0.330,0.990,0.660,0.083,7.920,6
2025-10-21 16:48,old data/2025,0.950,0.980,0.030,0.050,0.597,4
2025-10-21 17:56,old data/2025,0.880,0.910,0.030,0.016,1.831,2
2025-10-22 02:54,old data/2025,0.490,0.520,0.030,0.033,0.900,3
2025-10-22 12:34,old data/2025,0.200,0.230,0.030,0.016,1.831,2
2025-10-22 14:00,old data/2025,0.170,0.200,0.030,0.067,0.448,2
2025-10-22 16:13,old data/2025,0.140,0.380,0.240,0.033,7.261,3
2025-10-22 16:16,old data/2025,0.360,0.550,0.190,0.033,5.700,3
2025-10-27 18:56,old data/2025,0.710,0.990,0.280,0.050,5.600,4
2025-10-28 02:08,old data/2025,0.710,0.980,0.270,0.067,4.050,5
2025-10-28 09:02,old data/2025,0.710,0.980,0.270,0.067,4.033,5
2025-10-28 11:16,old data/2025,0.710,0.980,0.270,0.067,4.050,5
2025-10-28 18:26,old data/2025,0.710,0.980,0.270,0.117,2.309,8
2025-10-28 20:00,old data/2025,0.900,0.930,0.030,0.016,1.831,2
2025-10-29 01:32,old data/2025,0.710,0.980,0.270,0.083,3.240,6
2025-10-29 08:27,old data/2025,0.710,0.990,0.280,0.050,5.600,4
2025-10-29 15:37,old data/2025,0.710,0.980,0.270,0.033,8.100,3
2025-10-29 22:46,old data/2025,0.710,0.980,0.270,0.100,2.693,7
2025-10-30 00:07,old data/2025,0.900,0.930,0.030,0.033,0.900,3
2025-10-30 05:50,old data/2025,0.710,0.980,0.270,0.117,2.314,8
2025-10-30 12:58,old data/2025,0.710,0.980,0.270,0.100,2.700,7
2025-10-30 13:22,old data/2025,0.480,0.990,0.510,0.066,7.682,5
2025-10-30 14:58,old data/2025,0.900,0.930,0.030,0.033,0.900,3
2025-10-30 22:24,old data/2025,0.720,0.980,0.260,0.083,3.130,6
2025-10-31 06:25,old data/2025,0.710,0.980,0.270,0.167,1.617,11
2025-10-31 14:24,old data/2025,0.710,0.980,0.270,0.067,4.050,5
2025-10-31 22:15,old data/2025,0.710,0.980,0.270,0.034,8.033,3
2025-11-01 06:01,old data/2025,0.710,0.990,0.280,0.134,2.096,9
2025-11-01 14:28,old data/2025,0.710,0.980,0.270,0.050,5.400,4
2025-11-01 22:32,old data/2025,0.710,0.990,0.280,0.034,8.262,3
2025-11-02 06:52,old data/2025,0.710,0.990,0.280,0.034,8.331,3
2025-11-02 14:54,old data/2025,0.710,0.990,0.280,0.033,8.400,3
2025-11-03 01:58,old data/2025,0.710,0.990,0.280,0.033,8.471,3
2025-11-03 15:03,old data/2025,0.710,0.990,0.280,0.033,8.400,3
2025-11-03 15:30,old data/2025,0.900,0.980,0.080,0.217,0.369,11
2025-11-04 06:32,old data/2025,0.710,0.990,0.280,0.050,5.569,4
2025-11-04 21:42,old data/2025,0.710,0.990,0.280,0.050,5.600,4
2025-11-05 12:37,old data/2025,0.710,0.990,0.280,0.033,8.400,3
2025-11-06 05:53,old data/2025,0.710,0.990,0.280,0.100,2.800,7
2025-11-06 11:26,old data/2025,0.680,0.800,0.120,0.434,0.277,27
2025-11-06 20:40,old data/2025,0.710,0.990,0.280,0.033,8.471,3
2025-11-07 14:58,old data/2025,0.710,0.990,0.280,0.050,5.600,4
2025-11-08 08:34,old data/2025,0.710,0.990,0.280,0.033,8.400,3
2025-11-09 04:31,old data/2025,0.710,0.990,0.280,0.067,4.200,5
2025-11-09 23:12,old data/2025,0.710,0.990,0.280,0.033,8.471,3
2025-11-10 17:54,old data/2025,0.710,0.990,0.280,0.017,16.525,2
2025-11-11 13:16,old data/2025,0.710,0.990,0.280,0.050,5.569,4
2025-11-12 10:22,old data/2025,0.710,0.990,0.280,0.083,3.360,6
2025-11-13 08:45,old data/2025,0.710,0.990,0.280,0.067,4.200,5
2025-11-14 09:07,old data/2025,0.710,0.990,0.280,0.033,8.400,3
2025-12-22 17:16,old data/2025,0.710,0.990,0.280,0.067,4.183,5
2025-12-23 02:26,old data/2025,0.710,0.990,0.280,0.050,5.600,4
2025-12-23 11:24,old data/2025,0.710,0.990,0.280,0.034,8.331,3
2025-12-23 20:27,old data/2025,0.710,0.990,0.280,0.050,5.600,4
2025-12-24 05:43,old data/2025,0.710,0.990,0.280,0.033,8.400,3
2025-12-24 15:13,old data/2025,0.710,0.980,0.270,0.150,1.797,10
2025-12-25 00:53,old data/2025,0.710,0.990,0.280,0.034,8.331,3
2025-12-25 10:44,old data/2025,0.710,0.990,0.280,0.034,8.331,3
2025-12-25 20:41,old data/2025,0.710,0.980,0.270,0.100,2.693,7
2025-12-26 06:55,old data/2025,0.710,0.990,0.280,0.033,8.400,3
2025-12-26 16:13,old data/2025,0.320,0.700,0.380,0.017,22.800,2
2025-12-26 16:15,old data/2025,0.230,0.740,0.510,0.067,7.618,5
2025-12-26 16:51,old data/2025,0.710,0.980,0.270,0.150,1.797,7
2025-12-27 02:27,old data/2025,0.710,0.990,0.280,0.050,5.600,4
2025-12-27 11:13,old data/2025,0.710,0.990,0.280,0.050,5.600,4
2025-12-27 20:16,old data/2025,0.710,0.990,0.280,0.017,16.525,2
2025-12-28 05:08,old data/2025,0.710,0.980,0.270,0.050,5.430,4
2025-12-28 14:19,old data/2025,0.710,0.990,0.280,0.050,5.631,4
2025-12-28 23:35,old data/2025,0.710,0.990,0.280,0.016,17.085,2
2025-12-29 09:12,old data/2025,0.710,0.990,0.280,0.017,16.800,2
2025-12-29 19:02,old data/2025,0.710,0.990,0.280,0.017,16.800,2
2025-12-30 04:49,old data/2025,0.710,0.990,0.280,0.017,16.525,2
2025-12-30 15:08,old data/2025,0.710,0.990,0.280,0.050,5.569,4
2025-12-31 01:29,old data/2025,0.710,0.990,0.280,0.234,1.199,15
2025-12-31 12:52,old data/2025,0.710,0.990,0.280,0.084,3.349,6
2026-01-01 00:39,old data/2026,0.710,0.990,0.280,0.033,8.471,3
2026-01-01 20:45,old data/2026,0.710,0.980,0.270,0.167,1.620,11
2026-01-02 10:24,old data/2026,0.190,1.180,0.990,0.050,19.800,4
2026-01-05 08:52,old data/2026,0.100,0.230,0.130,0.050,2.586,4
2026-01-05 09:12,old data/2026,0.220,0.640,0.420,0.033,12.814,3
2026-01-05 09:21,old data/2026,0.200,1.280,1.080,0.034,32.132,3
2026-01-05 21:13,old data/2026,0.710,1.280,0.570,0.033,17.244,3
2026-01-06 11:53,old data/2026,0.710,1.280,0.570,0.050,11.400,4
2026-01-06 13:18,old data/2026,0.230,1.010,0.780,0.033,23.400,3
2026-01-06 21:38,old data/2026,0.710,1.160,0.450,0.317,1.420,20
2026-01-07 16:20,old data/2026,0.710,1.280,0.570,0.100,5.700,7
2026-01-08 09:44,old data/2026,0.710,1.290,0.580,0.100,5.816,2
2026-01-09 05:14,0109-0123_H2_1CO2_1,0.710,1.260,0.550,0.050,10.939,4
2026-01-09 05:18,0109-0123_H2_1CO2_1,1.250,1.290,0.040,0.267,0.150,17
2026-01-10 21:49,0109-0123_H2_1CO2_1,0.710,1.210,0.500,0.234,2.140,15
2026-01-13 09:33,0109-0123_H2_1CO2_1,0.710,1.280,0.570,0.066,8.622,5
2026-01-15 19:47,0109-0123_H2_1CO2_1,0.710,1.290,0.580,0.034,17.115,3
2026-01-18 11:49,0109-0123_H2_1CO2_1,0.710,1.110,0.400,0.250,1.598,16
2026-01-20 20:59,0109-0123_H2_1CO2_1,0.710,1.280,0.570,0.050,11.400,4
2026-02-10 15:05,old data/2026,0.480,0.790,0.310,0.050,6.200,4
2026-02-10 19:52,old data/2026,0.710,1.180,0.470,0.200,2.347,13
2026-02-11 18:40,old data/2026,0.710,1.190,0.480,0.050,9.547,4
2026-02-12 16:22,old data/2026,0.710,1.110,0.400,0.250,1.602,16
2026-02-13 15:18,old data/2026,0.710,1.080,0.370,0.100,3.700,7
2026-02-14 08:53,old data/2026,0.710,1.090,0.380,0.100,3.789,7
2026-02-15 03:16,old data/2026,0.710,1.080,0.370,0.050,7.359,4
2026-02-15 22:11,old data/2026,0.710,1.080,0.370,0.067,5.527,5
2026-02-16 17:57,old data/2026,0.710,1.080,0.370,0.200,1.853,13
2026-02-17 14:49,old data/2026,0.710,1.080,0.370,0.151,2.458,5
2026-02-18 13:38,old data/2026,0.710,1.090,0.380,0.183,2.076,7
2026-02-21 08:05,old data/2026,0.710,1.040,0.330,0.300,1.099,19
2026-02-23 15:20,old data/2026,0.410,1.090,0.680,0.067,10.200,5
2026-02-24 09:07,old data/2026,0.710,1.080,0.370,0.250,1.480,11
2026-02-25 02:45,old data/2026,0.710,1.080,0.370,0.133,2.775,3
2026-02-25 22:08,old data/2026,0.710,1.080,0.370,0.067,5.527,5
2026-02-26 18:30,old data/2026,0.710,1.090,0.380,0.033,11.400,3
2026-02-27 17:04,old data/2026,0.710,1.080,0.370,0.084,4.411,6
2026-02-28 16:29,old data/2026,0.710,1.090,0.380,0.084,4.545,6
2026-03-01 17:11,0301-0416_無循環與有循環_5mins,0.710,1.090,0.380,0.050,7.600,4
2026-03-02 18:57,0301-0416_無循環與有循環_5mins,0.710,1.090,0.380,0.034,11.306,3
2026-03-03 13:38,0301-0416_無循環與有循環_5mins,0.420,0.850,0.430,0.067,6.450,5
2026-03-03 22:25,0301-0416_無循環與有循環_5mins,0.710,1.090,0.380,0.050,7.600,4
2026-03-04 20:13,0301-0416_無循環與有循環_5mins,0.710,1.080,0.370,0.333,1.111,13
2026-03-05 19:21,0301-0416_無循環與有循環_5mins,0.710,1.090,0.380,0.050,7.558,4
2026-03-06 19:37,0301-0416_無循環與有循環_5mins,0.710,1.090,0.380,0.050,7.558,4
2026-03-07 20:51,0301-0416_無循環與有循環_5mins,0.710,1.080,0.370,0.117,3.171,8
2026-03-08 23:27,0301-0416_無循環與有循環_5mins,0.710,1.050,0.340,0.066,5.121,5
2026-03-10 03:43,0301-0416_無循環與有循環_5mins,0.710,1.080,0.370,0.050,7.400,4
2026-03-10 15:56,0301-0416_無循環與有循環_5mins,0.550,0.700,0.150,0.017,9.000,2
2026-03-10 15:58,0301-0416_無循環與有循環_5mins,0.580,0.900,0.320,0.017,19.200,2
2026-03-11 04:38,0301-0416_無循環與有循環_5mins,0.710,1.090,0.380,0.017,22.800,2
2026-03-12 03:50,0301-0416_無循環與有循環_5mins,0.710,1.090,0.380,0.017,22.065,2
2026-03-13 04:23,0301-0416_無循環與有循環_5mins,0.710,1.090,0.380,0.017,22.065,2
2026-03-14 05:45,0301-0416_無循環與有循環_5mins,0.710,1.080,0.370,0.033,11.100,3
2026-03-15 08:38,0301-0416_無循環與有循環_5mins,0.710,1.090,0.380,0.033,11.496,3
2026-03-16 09:37,0301-0416_無循環與有循環_5mins,0.340,0.680,0.340,0.033,10.200,3
2026-03-16 09:40,0301-0416_無循環與有循環_5mins,0.440,0.890,0.450,0.066,6.778,5
2026-03-16 22:27,0301-0416_無循環與有循環_5mins,0.710,1.090,0.380,0.034,11.306,3
2026-03-17 23:14,0301-0416_無循環與有循環_5mins,0.710,1.080,0.370,0.100,3.690,7
2026-03-19 01:02,0301-0416_無循環與有循環_5mins,0.710,1.080,0.370,0.083,4.440,6
2026-03-19 14:42,0301-0416_無循環與有循環_5mins,0.230,0.900,0.670,0.183,3.655,12
2026-03-20 04:42,0301-0416_無循環與有循環_5mins,0.710,1.080,0.370,0.067,5.550,5
2026-03-21 07:14,0301-0416_無循環與有循環_5mins,0.710,1.090,0.380,0.050,7.642,4
2026-03-22 10:21,0301-0416_無循環與有循環_5mins,0.710,1.080,0.370,0.033,11.193,3
2026-03-23 14:09,0301-0416_無循環與有循環_5mins,0.710,1.080,0.370,0.200,1.847,9
2026-03-24 16:30,0301-0416_無循環與有循環_5mins,0.330,0.620,0.290,0.034,8.628,3
2026-03-24 16:33,0301-0416_無循環與有循環_5mins,0.500,0.810,0.310,0.067,4.631,5
2026-03-24 23:02,0301-0416_無循環與有循環_5mins,0.710,1.080,0.370,0.050,7.441,4
2026-03-26 00:51,0301-0416_無循環與有循環_5mins,0.710,1.090,0.380,0.016,23.586,2
2026-03-27 04:13,0301-0416_無循環與有循環_5mins,0.710,1.090,0.380,0.033,11.593,3
2026-03-27 16:15,0301-0416_無循環與有循環_5mins,0.330,0.790,0.460,0.116,3.952,8
2026-03-27 22:55,0301-0416_無循環與有循環_5mins,0.710,1.090,0.380,0.017,22.065,2
2026-03-29 02:46,0301-0416_無循環與有循環_5mins,0.710,1.090,0.380,0.067,5.700,5
2026-03-30 06:58,0301-0416_無循環與有循環_5mins,0.710,1.090,0.380,0.201,1.892,6
2026-03-31 12:43,0301-0416_無循環與有循環_5mins,0.710,1.090,0.380,0.033,11.400,3
2026-04-01 13:13,0301-0416_無循環與有循環_5mins,0.220,0.830,0.610,0.034,18.000,3
2026-04-01 13:16,0301-0416_無循環與有循環_5mins,0.320,1.020,0.700,0.034,20.826,3
2026-04-02 13:30,0301-0416_無循環與有循環_5mins,0.710,1.080,0.370,0.050,7.359,4
2026-04-03 17:25,0301-0416_無循環與有循環_5mins,0.710,1.080,0.370,0.100,3.700,7
2026-04-04 22:08,0301-0416_無循環與有循環_5mins,0.710,1.080,0.370,0.050,7.359,4
2026-04-06 04:28,0301-0416_無循環與有循環_5mins,0.710,1.090,0.380,0.033,11.496,3
2026-04-07 09:17,0301-0416_無循環與有循環_5mins,0.650,0.840,0.190,0.017,11.400,2
2026-04-07 09:19,0301-0416_無循環與有循環_5mins,0.660,0.760,0.100,0.050,2.000,4
2026-04-07 11:13,0301-0416_無循環與有循環_5mins,0.710,1.090,0.380,0.017,22.800,2
2026-04-07 19:21,0301-0416_無循環與有循環_5mins,0.720,1.070,0.350,0.017,21.000,2
2026-04-08 03:22,0301-0416_無循環與有循環_5mins,0.720,1.060,0.340,0.033,10.200,3
2026-04-08 12:19,0301-0416_無循環與有循環_5mins,0.710,1.080,0.370,0.033,11.100,3
2026-04-08 21:24,0301-0416_無循環與有循環_5mins,0.720,1.070,0.350,0.033,10.500,3
2026-04-09 08:12,0301-0416_無循環與有循環_5mins,0.710,1.080,0.370,0.033,11.193,3
2026-04-09 19:20,0301-0416_無循環與有循環_5mins,0.710,1.050,0.340,0.033,10.200,3
2026-04-10 07:23,0301-0416_無循環與有循環_5mins,0.710,1.070,0.360,0.017,21.246,2
2026-04-10 20:36,0301-0416_無循環與有循環_5mins,0.710,1.080,0.370,0.050,7.400,4
2026-04-11 10:48,0301-0416_無循環與有循環_5mins,0.710,1.080,0.370,0.067,5.527,5
2026-04-12 02:41,0301-0416_無循環與有循環_5mins,0.710,1.070,0.360,0.017,21.600,2
2026-04-12 20:01,0301-0416_無循環與有循環_5mins,0.710,1.090,0.380,0.034,11.306,3
2026-04-13 12:58,0301-0416_無循環與有循環_5mins,0.730,1.070,0.340,0.067,5.100,5
2026-04-14 07:32,0301-0416_無循環與有循環_5mins,0.710,1.080,0.370,0.134,2.769,9
2026-04-15 03:29,0301-0416_無循環與有循環_5mins,0.710,1.090,0.380,0.050,7.600,4
2026-04-16 00:56,0301-0416_無循環與有循環_5mins,0.710,1.060,0.350,0.084,4.172,6
2026-04-16 11:42,0301-0416_無循環與有循環_5mins,0.190,0.910,0.720,0.017,42.492,2
2026-04-16 11:44,0301-0416_無循環與有循環_5mins,0.620,0.840,0.220,0.050,4.376,4
2026-04-20 17:18,0417-0427_有循環_10mins_74%,0.710,1.080,0.370,0.117,3.171,8
2026-04-21 04:59,0417-0427_有循環_10mins_74%,0.710,1.070,0.360,0.034,10.711,3
2026-04-21 17:06,0417-0427_有循環_10mins_74%,0.710,1.060,0.350,0.033,10.588,3
2026-04-22 06:54,0417-0427_有循環_10mins_74%,0.710,1.090,0.380,0.050,7.558,4
2026-04-22 21:08,0417-0427_有循環_10mins_74%,0.710,1.070,0.360,0.017,20.903,2
2026-04-23 13:05,0417-0427_有循環_10mins_74%,0.710,1.060,0.350,0.033,10.500,3
2026-04-24 07:57,0417-0427_有循環_10mins_74%,0.710,1.070,0.360,0.067,5.400,5
2026-04-25 03:58,0417-0427_有循環_10mins_74%,0.710,1.070,0.360,0.033,10.800,3
2026-04-25 23:57,0417-0427_有循環_10mins_74%,0.710,1.080,0.370,0.050,7.400,4
2026-04-26 20:56,0417-0427_有循環_10mins_74%,0.710,1.080,0.370,0.067,5.550,5
2026-04-27 15:50,0417-0427_有循環_10mins_74%,0.510,0.740,0.230,0.034,6.843,3
2026-04-27 22:31,20260727_1min_data,0.710,1.080,0.370,0.116,3.179,8
2026-04-29 08:58,20260727_1min_data,0.710,1.080,0.370,0.017,22.200,2
2026-04-30 13:04,20260727_1min_data,0.790,1.090,0.300,0.051,5.934,4
2026-05-02 07:08,20260727_1min_data,0.710,1.090,0.380,0.034,11.306,3
2026-05-04 02:17,20260727_1min_data,0.710,1.080,0.370,0.084,4.425,6
2026-05-05 21:55,20260727_1min_data,0.710,1.090,0.380,0.067,5.700,5
2026-05-07 20:05,20260727_1min_data,0.710,1.090,0.380,0.017,22.800,2
2026-05-08 09:04,20260727_1min_data,0.670,0.910,0.240,0.017,14.400,2
2026-07-01 13:17,20260727_1min_data,0.780,0.950,0.170,0.100,1.700,7
2026-07-02 15:44,20260727_1min_data,0.710,1.190,0.480,0.033,14.400,3
2026-07-03 13:52,20260727_1min_data,0.800,0.890,0.090,0.117,0.770,5
2026-07-03 14:01,20260727_1min_data,0.440,0.880,0.440,0.016,26.847,2
2026-07-03 14:04,20260727_1min_data,0.850,0.900,0.050,0.017,3.000,2
2026-07-03 14:07,20260727_1min_data,0.790,0.890,0.100,0.017,5.902,2
2026-07-03 14:09,20260727_1min_data,0.810,0.900,0.090,0.034,2.656,3
2026-07-03 14:12,20260727_1min_data,0.430,0.900,0.470,0.017,28.200,2
2026-07-03 14:14,20260727_1min_data,0.400,0.870,0.470,0.017,28.200,2
2026-07-03 14:16,20260727_1min_data,0.850,0.890,0.040,0.034,1.190,3
2026-07-03 14:45,20260727_1min_data,0.840,0.880,0.040,0.017,2.400,2
2026-07-03 14:47,20260727_1min_data,0.860,0.890,0.030,0.033,0.908,3
2026-07-03 14:55,20260727_1min_data,0.570,0.890,0.320,0.033,9.600,3
2026-07-03 15:03,20260727_1min_data,0.780,1.190,0.410,0.067,6.124,5
2026-07-03 15:13,20260727_1min_data,0.940,1.190,0.250,0.017,14.754,2
2026-07-03 15:19,20260727_1min_data,0.800,1.190,0.390,0.017,23.400,2
2026-07-04 17:15,20260727_1min_data,0.710,1.190,0.480,0.017,28.328,2
2026-07-08 08:33,20260727_1min_data,0.710,0.760,0.050,0.034,1.488,3
2026-07-08 10:15,20260727_1min_data,0.730,1.160,0.430,0.409,1.052,4
2026-07-08 22:40,20260727_1min_data,0.710,1.150,0.440,0.033,13.311,3
2026-07-09 03:46,20260727_1min_data,0.890,0.920,0.030,0.033,0.908,3
2026-07-09 09:37,20260727_1min_data,0.720,0.830,0.110,0.017,6.492,2
2026-07-10 09:47,20260727_1min_data,0.230,0.260,0.030,0.033,0.900,3
2026-07-10 11:00,20260727_1min_data,0.240,1.150,0.910,0.034,26.852,3
2026-07-10 22:01,20260727_1min_data,0.720,1.160,0.440,0.016,27.310,2
2026-07-11 04:09,20260727_1min_data,0.890,0.920,0.030,0.067,0.448,5
2026-07-11 11:08,20260727_1min_data,0.720,1.130,0.410,0.033,12.300,3
2026-07-11 17:10,20260727_1min_data,0.900,0.930,0.030,0.067,0.450,5
2026-07-13 09:02,20260727_1min_data,0.350,1.190,0.840,0.117,7.166,8
2026-07-13 13:54,20260727_1min_data,0.930,1.160,0.230,0.068,3.407,2
2026-07-13 14:50,20260727_1min_data,0.190,1.190,1.000,0.067,15.000,5
2026-07-13 14:58,20260727_1min_data,1.160,1.200,0.040,0.050,0.804,4
2026-07-13 15:04,20260727_1min_data,1.060,1.450,0.390,0.083,4.680,6
2026-07-13 15:10,20260727_1min_data,0.990,1.190,0.200,0.033,6.000,3
2026-07-13 16:06,20260727_1min_data,1.170,1.750,0.580,0.016,36.000,2
2026-07-13 16:09,20260727_1min_data,1.030,1.230,0.200,0.033,6.102,3
2026-07-13 16:19,20260727_1min_data,0.800,1.170,0.370,0.034,10.918,3
2026-07-14 14:21,20260727_1min_data,1.090,1.170,0.080,0.033,2.420,3
2026-07-14 16:43,20260727_1min_data,0.960,1.190,0.230,0.050,4.575,4
2026-07-22 14:37,20260727_1min_data,0.720,0.760,0.040,0.017,2.361,2
2026-07-22 14:39,20260727_1min_data,0.580,0.760,0.180,0.033,5.400,3
2026-07-22 14:42,20260727_1min_data,0.660,1.190,0.530,0.050,10.541,4
2026-07-23 14:49,20260727_1min_data,0.910,1.170,0.260,0.200,1.300,13
2026-07-24 03:49,20260727_1min_data,0.920,1.170,0.250,0.484,0.517,30
2026-07-24 16:49,20260727_1min_data,0.930,1.170,0.240,0.217,1.106,14
2026-07-25 06:48,20260727_1min_data,0.930,1.170,0.240,0.217,1.106,14
2026-07-25 15:50,20260727_1min_data,0.980,1.010,0.030,0.250,0.120,16
2026-07-25 21:48,20260727_1min_data,0.920,1.170,0.250,0.251,0.998,16
2026-07-26 12:48,20260727_1min_data,0.920,1.170,0.250,0.701,0.357,43
2026-07-27 04:48,20260727_1min_data,0.920,1.170,0.250,0.234,1.070,15
2026-07-27 09:15,20260727_1min_data,1.080,1.190,0.110,0.150,0.733,5
2026-07-27 16:09,202607至08最新循環研究,0.910,1.190,0.280,0.016,17.379,2
2026-07-27 22:26,202607至08最新循環研究,0.910,1.160,0.250,0.017,15.000,2
2026-07-28 05:26,202607至08最新循環研究,0.920,1.160,0.240,0.017,14.400,2
2026-07-28 12:26,202607至08最新循環研究,0.920,1.170,0.250,0.016,15.517,2
2026-07-28 19:18,202607至08最新循環研究,0.930,1.160,0.230,0.133,1.725,9
2026-07-29 03:24,202607至08最新循環研究,0.920,1.180,0.260,0.017,15.097,2
2026-07-29 11:24,202607至08最新循環研究,0.920,1.170,0.250,0.017,14.754,2
2026-07-29 19:24,202607至08最新循環研究,0.930,1.160,0.230,0.017,13.574,2
2026-07-30 04:23,202607至08最新循環研究,0.920,1.160,0.240,0.049,4.854,4
2026-07-30 09:07,202607至08最新循環研究,0.220,0.780,0.560,0.017,33.600,2
2026-07-30 09:09,202607至08最新循環研究,0.560,1.190,0.630,0.050,12.600,4
2026-07-30 15:15,202607至08最新循環研究,0.920,1.170,0.250,0.016,15.254,2
2026-07-30 21:15,202607至08最新循環研究,0.920,1.160,0.240,0.017,14.164,2
2026-07-31 04:12,202607至08最新循環研究,0.920,1.170,0.250,0.017,14.754,2
2026-07-31 10:13,202607至08最新循環研究,0.920,1.170,0.250,0.016,15.254,2
2026-07-31 16:14,202607至08最新循環研究,0.910,1.190,0.280,0.017,16.525,2
2026-07-31 23:09,202607至08最新循環研究,0.920,1.160,0.240,0.067,3.600,5
2026-08-01 05:21,202607至08最新循環研究,0.920,1.170,0.250,0.017,15.000,2
2026-08-01 12:16,202607至08最新循環研究,0.910,1.170,0.260,0.017,15.097,2
2026-08-01 19:13,202607至08最新循環研究,0.920,1.170,0.250,0.017,14.516,2
2026-08-02 02:22,202607至08最新循環研究,0.920,1.180,0.260,0.167,1.557,11
2026-08-02 10:12,202607至08最新循環研究,0.930,1.170,0.240,0.017,14.400,2
2026-08-02 18:12,202607至08最新循環研究,0.930,1.170,0.240,0.017,14.400,2
2026-08-03 02:13,202607至08最新循環研究,0.910,1.160,0.250,0.016,15.254,2
2026-08-03 04:23,202607至08最新循環研究,1.050,1.080,0.030,0.234,0.128,15
2026-08-03 09:14,202607至08最新循環研究,0.400,0.520,0.120,0.017,7.200,2
2026-08-03 09:16,202607至08最新循環研究,0.490,0.650,0.160,0.033,4.800,3
2026-08-03 09:19,202607至08最新循環研究,0.460,0.770,0.310,0.017,18.600,2
2026-08-03 09:24,202607至08最新循環研究,0.180,0.610,0.430,0.016,26.237,2
2026-08-03 09:27,202607至08最新循環研究,0.420,0.580,0.160,0.017,9.443,2
2026-08-03 09:29,202607至08最新循環研究,0.430,0.800,0.370,0.050,7.359,4
2026-08-03 09:33,202607至08最新循環研究,0.620,0.780,0.160,0.017,9.290,2
2026-08-03 09:35,202607至08最新循環研究,0.580,0.680,0.100,0.017,6.000,2
2026-08-03 09:38,202607至08最新循環研究,0.490,1.190,0.700,0.082,8.485,6
